date,precipitation_mm
2015-01-01,0.0
2015-01-02,0.0
2015-01-03,0.0
2015-01-04,0.0
2015-01-05,0.0
2015-01-06,4.077411558014645
2015-01-07,0.0
2015-01-08,0.0
2015-01-09,0.0
2015-01-10,0.0
2015-01-11,0.0
2015-01-12,0.0
2015-01-13,0.0
2015-01-14,0.0
2015-01-15,0.0
2015-01-16,32.041767864075524
2015-01-17,0.0
2015-01-18,0.0
2015-01-19,0.0
2015-01-20,0.0
2015-01-21,0.0
2015-01-22,0.0
2015-01-23,0.0
2015-01-24,0.0
2015-01-25,17.44065633903659
2015-01-26,0.0
2015-01-27,32.2453684819472
2015-01-28,1.3459057171296274
2015-01-29,0.0
2015-01-30,0.0
2015-01-31,21.248064025959856
2015-02-01,13.159072695528906
2015-02-02,0.0
2015-02-03,27.56630098661631
2015-02-04,26.846187873186004
2015-02-05,27.56630098661631
2015-02-06,0.0
2015-02-07,5.771363728874876
2015-02-08,0.0
2015-02-09,0.0
2015-02-10,0.0
2015-02-11,0.0
2015-02-12,0.0
2015-02-13,0.0
2015-02-14,35.70636303713636
2015-02-15,0.0
2015-02-16,0.0
2015-02-17,0.0
2015-02-18,0.0
2015-02-19,0.0
2015-02-20,0.0
2015-02-21,0.0
2015-02-22,0.0
2015-02-23,0.0
2015-02-24,0.0
2015-02-25,9.099379889423295
2015-02-26,0.0
2015-02-27,7.714907681594162
2015-02-28,0.0
2015-03-01,0.0
2015-03-02,0.0
2015-03-03,0.0
2015-03-04,0.0
2015-03-05,0.0
2015-03-06,0.0
2015-03-07,0.0
2015-03-08,0.0
2015-03-09,0.0
2015-03-10,0.0
2015-03-11,0.0
2015-03-12,0.0
2015-03-13,0.0
2015-03-14,0.0
2015-03-15,0.0
2015-03-16,0.2669115015935518
2015-03-17,7.2286362938918876
2015-03-18,0.0
2015-03-19,14.457272587783775
2015-03-20,0.0
2015-03-21,0.0
2015-03-22,13.4433979157533
2015-03-23,0.0
2015-03-24,0.0
2015-03-25,0.0
2015-03-26,0.5656649870328625
2015-03-27,19.038490838439568
2015-03-28,10.33013200464763
2015-03-29,1.3371493392661018
2015-03-30,0.0
2015-03-31,0.0
2015-04-01,0.0
2015-04-02,0.0
2015-04-03,0.0
2015-04-04,14.87158459630506
2015-04-05,0.0
2015-04-06,0.0
2015-04-07,0.0
2015-04-08,0.0
2015-04-09,0.0
2015-04-10,0.0
2015-04-11,0.0
2015-04-12,0.0
2015-04-13,0.0
2015-04-14,0.0
2015-04-15,0.0
2015-04-16,0.0
2015-04-17,0.0
2015-04-18,0.0
2015-04-19,5.4806584810177705
2015-04-20,0.0
2015-04-21,0.0
2015-04-22,0.0
2015-04-23,0.0
2015-04-24,0.0
2015-04-25,0.0
2015-04-26,0.0
2015-04-27,5.3700308550995715
2015-04-28,0.0
2015-04-29,0.0
2015-04-30,0.0
2015-05-01,0.0
2015-05-02,0.0
2015-05-03,0.0
2015-05-04,0.0
2015-05-05,0.0
2015-05-06,0.0
2015-05-07,0.0
2015-05-08,0.0
2015-05-09,0.0
2015-05-10,0.0
2015-05-11,0.0
2015-05-12,0.0
2015-05-13,0.0
2015-05-14,0.0
2015-05-15,0.0
2015-05-16,0.0
2015-05-17,3.0874864384729603
2015-05-18,0.0
2015-05-19,0.0
2015-05-20,0.0
2015-05-21,0.0
2015-05-22,3.3136676974680235
2015-05-23,0.0
2015-05-24,0.0
2015-05-25,0.0
2015-05-26,0.0
2015-05-27,0.0
2015-05-28,0.0
2015-05-29,0.0
2015-05-30,0.0
2015-05-31,0.0
2015-06-01,0.0
2015-06-02,0.0
2015-06-03,0.0
2015-06-04,0.0
2015-06-05,0.0
2015-06-06,1.9872721788843157
2015-06-07,0.0
2015-06-08,0.0
2015-06-09,0.0
2015-06-10,0.0
2015-06-11,0.0
2015-06-12,1.1703378407961493
2015-06-13,0.0
2015-06-14,0.0
2015-06-15,0.0
2015-06-16,0.0
2015-06-17,0.0
2015-06-18,0.0
2015-06-19,0.0
2015-06-20,0.0
2015-06-21,0.0
2015-06-22,0.0
2015-06-23,0.0
2015-06-24,0.0
2015-06-25,3.1740076196183162
2015-06-26,0.0
2015-06-27,0.0
2015-06-28,0.0
2015-06-29,0.0
2015-06-30,0.0
2015-07-01,0.0
2015-07-02,0.0
2015-07-03,0.0
2015-07-04,0.0
2015-07-05,0.0
2015-07-06,0.0
2015-07-07,3.640867044818181
2015-07-08,0.0
2015-07-09,0.0
2015-07-10,0.0
2015-07-11,0.0
2015-07-12,0.0
2015-07-13,0.0
2015-07-14,0.5565748037646874
2015-07-15,0.0
2015-07-16,0.0
2015-07-17,0.0
2015-07-18,0.0
2015-07-19,0.0
2015-07-20,0.0
2015-07-21,0.0
2015-07-22,0.0
2015-07-23,0.0
2015-07-24,0.0
2015-07-25,0.0
2015-07-26,0.0
2015-07-27,0.0
2015-07-28,0.0
2015-07-29,0.0
2015-07-30,0.0
2015-07-31,5.840225936879531
2015-08-01,0.0
2015-08-02,0.0
2015-08-03,0.0
2015-08-04,0.0
2015-08-05,0.0
2015-08-06,0.0
2015-08-07,0.0
2015-08-08,0.0
2015-08-09,0.0
2015-08-10,3.2906451178904033
2015-08-11,0.0
2015-08-12,0.0
2015-08-13,0.0
2015-08-14,0.0
2015-08-15,0.0
2015-08-16,0.0
2015-08-17,0.0
2015-08-18,0.0
2015-08-19,0.0
2015-08-20,0.0
2015-08-21,0.0
2015-08-22,0.0
2015-08-23,0.0
2015-08-24,0.0
2015-08-25,0.0
2015-08-26,0.0
2015-08-27,0.0
2015-08-28,0.5381463663858402
2015-08-29,0.0
2015-08-30,0.0
2015-08-31,4.247582093895694
2015-09-01,0.0
2015-09-02,0.0
2015-09-03,0.0
2015-09-04,4.651706855767181
2015-09-05,18.677330953056682
2015-09-06,0.0
2015-09-07,0.0
2015-09-08,0.0
2015-09-09,0.0
2015-09-10,0.0
2015-09-11,0.0
2015-09-12,0.0
2015-09-13,0.0
2015-09-14,0.0
2015-09-15,0.0
2015-09-16,0.0
2015-09-17,0.0
2015-09-18,0.0
2015-09-19,0.0
2015-09-20,0.0
2015-09-21,0.0
2015-09-22,0.0
2015-09-23,10.664680369231261
2015-09-24,0.0
2015-09-25,0.0
2015-09-26,0.0
2015-09-27,0.0
2015-09-28,0.0
2015-09-29,0.0
2015-09-30,0.0
2015-10-01,1.3153450326725618
2015-10-02,5.519730154335975
2015-10-03,0.0
2015-10-04,0.0
2015-10-05,0.0
2015-10-06,0.0
2015-10-07,0.0
2015-10-08,0.0
2015-10-09,0.0
2015-10-10,0.0
2015-10-11,0.07699156524226479
2015-10-12,0.0
2015-10-13,0.0
2015-10-14,2.5178201978550248
2015-10-15,10.031797653589495
2015-10-16,4.571151750262705
2015-10-17,0.0
2015-10-18,0.0
2015-10-19,0.0
2015-10-20,2.2834458443888725
2015-10-21,0.5366971309368428
2015-10-22,0.0
2015-10-23,0.0
2015-10-24,6.3861764912896195
2015-10-25,0.0
2015-10-26,0.0
2015-10-27,0.0
2015-10-28,0.0
2015-10-29,0.0
2015-10-30,0.0
2015-10-31,0.0
2015-11-01,0.0
2015-11-02,0.0
2015-11-03,0.0
2015-11-04,0.0
2015-11-05,0.0
2015-11-06,0.0
2015-11-07,2.56256198398209
2015-11-08,0.0
2015-11-09,0.0
2015-11-10,0.0
2015-11-11,0.0
2015-11-12,0.0
2015-11-13,0.0
2015-11-14,2.6704309146874357
2015-11-15,7.010943694835633
2015-11-16,2.3880710205496363
2015-11-17,3.3966616907549794
2015-11-18,3.9768369199953497
2015-11-19,0.0
2015-11-20,3.14726908348178
2015-11-21,8.017859496446336
2015-11-22,2.6603459659453312
2015-11-23,0.13340376542797142
2015-11-24,0.0
2015-11-25,2.6603459659453312
2015-11-26,0.0
2015-11-27,1.9948990170034453
2015-11-28,4.02137794250097
2015-11-29,0.0
2015-11-30,1.0715209990871577
2015-12-01,0.0
2015-12-02,8.301849722335236
2015-12-03,1.5436639924896811
2015-12-04,8.250276854352336
2015-12-05,5.171693989916465
2015-12-06,0.0
2015-12-07,11.757858571491866
2015-12-08,8.019324139511555
2015-12-09,0.0
2015-12-10,0.0
2015-12-11,0.1686534381987878
2015-12-12,4.704142813341054
2015-12-13,3.384840932596479
2015-12-14,4.034527683553181
2015-12-15,2.352071406670527
2015-12-16,0.0
2015-12-17,0.0
2015-12-18,0.0
2015-12-19,0.0
2015-12-20,5.561544615225282
2015-12-21,8.294114273064546
2015-12-22,0.0
2015-12-23,0.0
2015-12-24,0.0
2015-12-25,0.0
2015-12-26,10.285015675370197
2015-12-27,0.12362013697940413
2015-12-28,0.0
2015-12-29,0.0
2015-12-30,0.0
2015-12-31,0.0
2016-01-01,7.371448885751551
2016-01-02,2.08447027902072
2016-01-03,0.0
2016-01-04,0.0
2016-01-05,0.0
2016-01-06,0.0
2016-01-07,0.25842465013660865
2016-01-08,2.4979136472882475
2016-01-09,8.902794491390969
2016-01-10,8.348664410234447
2016-01-11,0.0
2016-01-12,1.675348512900814
2016-01-13,7.3379353945704295
2016-01-14,0.0
2016-01-15,20.525068536045065
2016-01-16,3.2314334156026265
2016-01-17,0.0
2016-01-18,0.0
2016-01-19,0.0
2016-01-20,0.0
2016-01-21,0.0
2016-01-22,0.0
2016-01-23,0.0
2016-01-24,0.0
2016-01-25,1.1045959727306687
2016-01-26,0.0
2016-01-27,0.0
2016-01-28,0.0
2016-01-29,0.0
2016-01-30,0.0
2016-01-31,0.0
2016-02-01,0.0
2016-02-02,0.0
2016-02-03,12.755179825975873
2016-02-04,9.424952307599083
2016-02-05,0.0
2016-02-06,0.0
2016-02-07,0.0
2016-02-08,0.0
2016-02-09,0.0
2016-02-10,3.0953243179304435
2016-02-11,0.0
2016-02-12,0.0
2016-02-13,0.0
2016-02-14,7.104058918333182
2016-02-15,9.70303986749219
2016-02-16,7.442204805520867
2016-02-17,0.0
2016-02-18,13.494034878455048
2016-02-19,9.0203200352076
2016-02-20,0.10786882951974239
2016-02-21,7.651382231269656
2016-02-22,0.0
2016-02-23,0.0
2016-02-24,5.398922404180472
2016-02-25,13.643221730367998
2016-02-26,5.479941810790045
2016-02-27,0.0
2016-02-28,0.0
2016-02-29,0.0
2016-03-01,0.0
2016-03-02,0.0
2016-03-03,0.0
2016-03-04,0.0
2016-03-05,0.0
2016-03-06,0.0
2016-03-07,0.0
2016-03-08,45.305898010361844
2016-03-09,26.003962954412412
2016-03-10,0.0
2016-03-11,0.0
2016-03-12,0.0
2016-03-13,2.463881545737188
2016-03-14,0.0
2016-03-15,0.0
2016-03-16,0.0
2016-03-17,0.0
2016-03-18,0.0
2016-03-19,0.0
2016-03-20,0.0
2016-03-21,0.0
2016-03-22,0.0
2016-03-23,0.0
2016-03-24,0.0
2016-03-25,0.0
2016-03-26,0.0
2016-03-27,0.0
2016-03-28,0.0
2016-03-29,0.0
2016-03-30,0.0
2016-03-31,0.0
2016-04-01,0.0
2016-04-02,0.0
2016-04-03,0.0
2016-04-04,0.0
2016-04-05,0.0
2016-04-06,5.7212706274105125
2016-04-07,0.0
2016-04-08,0.0
2016-04-09,0.0
2016-04-10,0.0
2016-04-11,0.0
2016-04-12,0.0
2016-04-13,0.0
2016-04-14,0.0
2016-04-15,0.0
2016-04-16,0.0
2016-04-17,0.0
2016-04-18,4.738311549185863
2016-04-19,0.0
2016-04-20,0.0
2016-04-21,0.0
2016-04-22,0.0
2016-04-23,0.13504934437395094
2016-04-24,0.0
2016-04-25,0.0
2016-04-26,0.0
2016-04-27,0.0
2016-04-28,0.0
2016-04-29,0.0
2016-04-30,0.0
2016-05-01,0.0
2016-05-02,0.0
2016-05-03,14.472152828854025
2016-05-04,0.0
2016-05-05,0.0
2016-05-06,0.0
2016-05-07,6.581517697645437
2016-05-08,0.0
2016-05-09,6.998306532858961
2016-05-10,0.0
2016-05-11,0.0
2016-05-12,0.0
2016-05-13,0.0
2016-05-14,5.475546896721178
2016-05-15,9.460451011421615
2016-05-16,0.0
2016-05-17,0.0
2016-05-18,2.113242385663573
2016-05-19,0.45369474577966995
2016-05-20,11.05753550710771
2016-05-21,0.0
2016-05-22,0.0
2016-05-23,0.0
2016-05-24,0.0
2016-05-25,14.177584262783817
2016-05-26,17.96728882591457
2016-05-27,0.0
2016-05-28,0.0
2016-05-29,0.0
2016-05-30,0.0
2016-05-31,0.0
2016-06-01,0.0
2016-06-02,0.0
2016-06-03,0.0
2016-06-04,0.0
2016-06-05,0.0
2016-06-06,0.0
2016-06-07,3.8845855179979782
2016-06-08,0.0
2016-06-09,0.0
2016-06-10,0.0
2016-06-11,0.0
2016-06-12,0.0
2016-06-13,0.0
2016-06-14,0.0
2016-06-15,0.0
2016-06-16,0.0
2016-06-17,0.0
2016-06-18,0.0
2016-06-19,0.0
2016-06-20,0.0
2016-06-21,0.0
2016-06-22,0.0
2016-06-23,0.0
2016-06-24,0.0
2016-06-25,0.0
2016-06-26,0.0
2016-06-27,0.0
2016-06-28,3.5297436391643258
2016-06-29,0.0
2016-06-30,0.0
2016-07-01,0.0
2016-07-02,0.5193421986122031
2016-07-03,0.0
2016-07-04,0.0
2016-07-05,0.0
2016-07-06,0.0
2016-07-07,0.0
2016-07-08,0.0
2016-07-09,0.0
2016-07-10,0.0
2016-07-11,0.0
2016-07-12,0.0
2016-07-13,3.1802898037233365
2016-07-14,0.0
2016-07-15,0.0
2016-07-16,0.0
2016-07-17,0.0
2016-07-18,0.0
2016-07-19,0.0
2016-07-20,0.0
2016-07-21,0.0
2016-07-22,0.0
2016-07-23,0.0
2016-07-24,0.0
2016-07-25,0.0
2016-07-26,4.220071166516616
2016-07-27,7.2723206234231235
2016-07-28,0.0
2016-07-29,0.0
2016-07-30,0.0
2016-07-31,0.0
2016-08-01,0.0
2016-08-02,0.0
2016-08-03,0.0
2016-08-04,0.0
2016-08-05,0.0
2016-08-06,0.0
2016-08-07,0.0
2016-08-08,2.847262215340275
2016-08-09,0.0
2016-08-10,0.0
2016-08-11,0.0
2016-08-12,0.0
2016-08-13,0.0
2016-08-14,0.0
2016-08-15,0.0
2016-08-16,0.0
2016-08-17,0.0
2016-08-18,0.0
2016-08-19,0.0
2016-08-20,0.0
2016-08-21,0.0
2016-08-22,0.0
2016-08-23,0.0
2016-08-24,0.0
2016-08-25,0.0
2016-08-26,3.6847170236150744
2016-08-27,0.0
2016-08-28,0.0
2016-08-29,0.0
2016-08-30,0.0
2016-08-31,0.0
2016-09-01,0.0
2016-09-02,0.0
2016-09-03,0.0
2016-09-04,0.0
2016-09-05,0.0
2016-09-06,0.0
2016-09-07,0.0
2016-09-08,0.0
2016-09-09,0.0
2016-09-10,0.0
2016-09-11,0.0
2016-09-12,0.0
2016-09-13,0.0
2016-09-14,0.0
2016-09-15,0.0
2016-09-16,0.0
2016-09-17,0.0
2016-09-18,0.0
2016-09-19,0.0
2016-09-20,0.0
2016-09-21,0.0
2016-09-22,0.0
2016-09-23,0.12706350078633358
2016-09-24,0.0
2016-09-25,0.0
2016-09-26,0.0
2016-09-27,0.0
2016-09-28,9.26062499011754
2016-09-29,0.0
2016-09-30,19.324904071662832
2016-10-01,0.15095740604147673
2016-10-02,0.0
2016-10-03,0.0
2016-10-04,0.0
2016-10-05,0.0
2016-10-06,0.0
2016-10-07,0.0
2016-10-08,0.0
2016-10-09,0.9779613783252019
2016-10-10,0.0
2016-10-11,0.0
2016-10-12,0.0
2016-10-13,0.0
2016-10-14,0.0
2016-10-15,9.402611949188746
2016-10-16,2.775648425681522
2016-10-17,0.0
2016-10-18,0.0
2016-10-19,6.147110373651319
2016-10-20,12.219827782675615
2016-10-21,4.997986887957963
2016-10-22,0.0
2016-10-23,8.149559642022739
2016-10-24,7.4198226654666595
2016-10-25,0.0
2016-10-26,0.0
2016-10-27,0.0
2016-10-28,0.0
2016-10-29,8.794084898883744
2016-10-30,0.0
2016-10-31,0.0
2016-11-01,5.007725280328308
2016-11-02,6.141903125533587
2016-11-03,2.769505353863529
2016-11-04,8.579464743771878
2016-11-05,9.38042618087917
2016-11-06,14.078997010788385
2016-11-07,19.568153156209693
2016-11-08,7.1849120061656855
2016-11-09,16.90803960316167
2016-11-10,21.11849476572268
2016-11-11,30.798233199182814
2016-11-12,3.4652126305510156
2016-11-13,6.622507713412313
2016-11-14,12.307072006212096
2016-11-15,1.0738139831313616
2016-11-16,0.0
2016-11-17,0.0
2016-11-18,0.0
2016-11-19,9.318186526378629
2016-11-20,9.79796219546641
2016-11-21,1.824819351486355
2016-11-22,1.918117452785044
2016-11-23,2.073257426473549
2016-11-24,5.70721129123138
2016-11-25,7.517329865277713
2016-11-26,7.26599748065048
2016-11-27,0.0
2016-11-28,0.0
2016-11-29,1.5956105018062576
2016-11-30,7.26599748065048
2016-12-01,4.56522840867519
2016-12-02,0.0
2016-12-03,0.0
2016-12-04,10.434831244032749
2016-12-05,0.0
2016-12-06,2.3300344277861686
2016-12-07,3.0226742483471267
2016-12-08,1.7207912346834005
2016-12-09,4.942156660778138
2016-12-10,3.0204411569050627
2016-12-11,5.516208424808492
2016-12-12,0.0
2016-12-13,6.048298818046914
2016-12-14,0.0
2016-12-15,5.023525652898086
2016-12-16,11.251768890468554
2016-12-17,0.0
2016-12-18,0.0
2016-12-19,0.09156617435283308
2016-12-20,0.0
2016-12-21,3.7466906904647255
2016-12-22,7.493381380929451
2016-12-23,0.0
2016-12-24,3.8443005215689534
2016-12-25,3.748389811772989
2016-12-26,0.0
2016-12-27,11.809629623284918
2016-12-28,30.744472292858777
2016-12-29,15.468761984591566
2016-12-30,0.3839496503774304
2016-12-31,0.0
2017-01-01,0.0
2017-01-02,0.0
2017-01-03,2.484061256327743
2017-01-04,0.0
2017-01-05,0.0
2017-01-06,0.0
2017-01-07,10.746899980027312
2017-01-08,10.41427094065753
2017-01-09,0.0
2017-01-10,0.0
2017-01-11,0.0
2017-01-12,0.0
2017-01-13,0.0
2017-01-14,0.0
2017-01-15,0.0
2017-01-16,0.0
2017-01-17,0.0
2017-01-18,0.0
2017-01-19,0.0
2017-01-20,11.27232524170273
2017-01-21,6.539406703068662
2017-01-22,0.0
2017-01-23,7.33717337464148
2017-01-24,14.93711546434964
2017-01-25,21.163169983948997
2017-01-26,11.191753277833437
2017-01-27,0.0
2017-01-28,15.616016711733387
2017-01-29,3.183980279006756
2017-01-30,26.5197623815292
2017-01-31,9.944479632862476
2017-02-01,0.0
2017-02-02,0.0
2017-02-03,0.0
2017-02-04,0.0
2017-02-05,0.0
2017-02-06,0.0
2017-02-07,0.0
2017-02-08,27.93023945060481
2017-02-09,0.0
2017-02-10,0.0
2017-02-11,0.0
2017-02-12,0.0
2017-02-13,0.0
2017-02-14,24.771477819859296
2017-02-15,0.0
2017-02-16,58.66983398349807
2017-02-17,2.239035003486721
2017-02-18,0.0
2017-02-19,0.0
2017-02-20,0.0
2017-02-21,0.0
2017-02-22,0.0
2017-02-23,0.0
2017-02-24,0.0
2017-02-25,0.0
2017-02-26,0.0
2017-02-27,0.0
2017-02-28,0.0
2017-03-01,0.0
2017-03-02,0.0
2017-03-03,23.676186076736794
2017-03-04,23.676186076736794
2017-03-05,2.9789848563736467
2017-03-06,0.0
2017-03-07,0.0
2017-03-08,0.0
2017-03-09,0.0
2017-03-10,0.0
2017-03-11,0.0
2017-03-12,0.0
2017-03-13,0.0
2017-03-14,0.0
2017-03-15,0.0
2017-03-16,0.0
2017-03-17,0.0
2017-03-18,0.0
2017-03-19,0.0
2017-03-20,0.0
2017-03-21,0.0
2017-03-22,0.0
2017-03-23,0.0
2017-03-24,19.06870831355492
2017-03-25,0.0
2017-03-26,0.0
2017-03-27,0.0
2017-03-28,0.0
2017-03-29,0.0
2017-03-30,0.0
2017-03-31,0.0
2017-04-01,0.0
2017-04-02,0.0
2017-04-03,0.0
2017-04-04,0.0
2017-04-05,0.0
2017-04-06,0.0
2017-04-07,6.403472497756244
2017-04-08,0.0
2017-04-09,0.0
2017-04-10,6.008304250862196
2017-04-11,0.3398297180863844
2017-04-12,0.0
2017-04-13,5.123873808866683
2017-04-14,10.055476175168256
2017-04-15,0.3398297180863844
2017-04-16,0.0
2017-04-17,0.0
2017-04-18,0.0
2017-04-19,0.0
2017-04-20,0.0
2017-04-21,0.0
2017-04-22,0.0
2017-04-23,5.929499363498706
2017-04-24,4.456938576845865
2017-04-25,0.0
2017-04-26,0.0
2017-04-27,0.0
2017-04-28,0.0
2017-04-29,0.0
2017-04-30,0.0
2017-05-01,0.0
2017-05-02,0.0
2017-05-03,0.0
2017-05-04,0.0
2017-05-05,0.0
2017-05-06,0.0
2017-05-07,0.0
2017-05-08,0.0
2017-05-09,0.0
2017-05-10,0.0
2017-05-11,0.0
2017-05-12,0.0
2017-05-13,3.9603330070839644
2017-05-14,1.3478261440017392
2017-05-15,0.0
2017-05-16,3.176273295354464
2017-05-17,0.0
2017-05-18,0.0
2017-05-19,0.0
2017-05-20,0.0
2017-05-21,0.0
2017-05-22,0.0
2017-05-23,0.0
2017-05-24,0.0
2017-05-25,0.0
2017-05-26,0.0
2017-05-27,4.176881115590441
2017-05-28,0.0
2017-05-29,0.0
2017-05-30,0.0
2017-05-31,0.0
2017-06-01,0.0
2017-06-02,0.0
2017-06-03,0.0
2017-06-04,0.0
2017-06-05,3.270405820573357
2017-06-06,0.0
2017-06-07,0.0
2017-06-08,0.0
2017-06-09,0.0
2017-06-10,0.0
2017-06-11,0.0
2017-06-12,0.0
2017-06-13,0.0
2017-06-14,0.0
2017-06-15,2.933570896177351
2017-06-16,0.0
2017-06-17,0.0
2017-06-18,0.0
2017-06-19,0.0
2017-06-20,0.0
2017-06-21,0.0
2017-06-22,0.0
2017-06-23,0.0
2017-06-24,0.0
2017-06-25,0.0
2017-06-26,0.0
2017-06-27,0.0
2017-06-28,0.0
2017-06-29,0.0
2017-06-30,0.0
2017-07-01,0.0
2017-07-02,0.0
2017-07-03,0.0
2017-07-04,0.0
2017-07-05,0.0
2017-07-06,0.0
2017-07-07,0.0
2017-07-08,0.0
2017-07-09,0.0
2017-07-10,1.972392827614971
2017-07-11,0.0
2017-07-12,0.0
2017-07-13,0.0
2017-07-14,0.0
2017-07-15,0.0
2017-07-16,1.4415380682806123
2017-07-17,0.0
2017-07-18,0.0
2017-07-19,0.0
2017-07-20,0.0
2017-07-21,0.0
2017-07-22,0.0
2017-07-23,0.0
2017-07-24,0.0
2017-07-25,0.0
2017-07-26,0.0
2017-07-27,0.0
2017-07-28,0.0
2017-07-29,0.0
2017-07-30,0.0
2017-07-31,3.1694767502532613
2017-08-01,3.462905520785709
2017-08-02,0.0
2017-08-03,0.0
2017-08-04,0.0
2017-08-05,0.0
2017-08-06,0.0
2017-08-07,0.0
2017-08-08,0.0
2017-08-09,0.0
2017-08-10,0.0
2017-08-11,0.0
2017-08-12,0.0
2017-08-13,0.0
2017-08-14,0.0
2017-08-15,0.0
2017-08-16,0.0
2017-08-17,4.596049652386303
2017-08-18,0.0
2017-08-19,0.0
2017-08-20,0.0
2017-08-21,0.0
2017-08-22,0.0
2017-08-23,0.0
2017-08-24,0.0
2017-08-25,0.9495152845306802
2017-08-26,0.0
2017-08-27,0.0
2017-08-28,0.0
2017-08-29,0.0
2017-08-30,0.0
2017-08-31,0.0
2017-09-01,0.0
2017-09-02,0.0
2017-09-03,0.0
2017-09-04,0.0
2017-09-05,0.0
2017-09-06,0.0
2017-09-07,0.0
2017-09-08,0.0
2017-09-09,0.0
2017-09-10,0.0
2017-09-11,0.0
2017-09-12,0.0
2017-09-13,0.0
2017-09-14,0.0
2017-09-15,0.0
2017-09-16,0.0
2017-09-17,0.0
2017-09-18,4.911331706717413
2017-09-19,0.0
2017-09-20,0.0
2017-09-21,0.0
2017-09-22,0.0
2017-09-23,0.0
2017-09-24,0.0
2017-09-25,1.1171732800498042
2017-09-26,17.631771881110264
2017-09-27,0.0
2017-09-28,0.0
2017-09-29,0.0
2017-09-30,0.0
2017-10-01,5.67748365225147
2017-10-02,2.838741826125735
2017-10-03,0.0
2017-10-04,0.0
2017-10-05,0.0
2017-10-06,3.9634363077890558
2017-10-07,0.0
2017-10-08,7.742452325913678
2017-10-09,1.6471245866450035
2017-10-10,0.0
2017-10-11,0.0
2017-10-12,0.0
2017-10-13,0.0
2017-10-14,0.0
2017-10-15,0.0
2017-10-16,0.0
2017-10-17,0.0
2017-10-18,0.0
2017-10-19,0.0
2017-10-20,3.6865692126023686
2017-10-21,2.7483045030335855
2017-10-22,0.0
2017-10-23,0.0
2017-10-24,0.0
2017-10-25,0.0
2017-10-26,0.09502034414984505
2017-10-27,2.9845208101415936
2017-10-28,0.5874062422415939
2017-10-29,0.0
2017-10-30,0.0
2017-10-31,0.0
2017-11-01,0.0
2017-11-02,0.0
2017-11-03,0.0
2017-11-04,0.0
2017-11-05,0.0
2017-11-06,0.0
2017-11-07,0.0
2017-11-08,0.0
2017-11-09,3.3992425168540823
2017-11-10,10.021526817301543
2017-11-11,10.259528911398327
2017-11-12,0.0
2017-11-13,0.0
2017-11-14,10.259528911398327
2017-11-15,12.060243639452704
2017-11-16,0.0
2017-11-17,0.0
2017-11-18,0.0
2017-11-19,0.28501370731019854
2017-11-20,0.0
2017-11-21,0.0
2017-11-22,10.24146623468104
2017-11-23,2.4597673314952098
2017-11-24,8.028223415479316
2017-11-25,15.974251032929631
2017-11-26,0.0
2017-11-27,0.0
2017-11-28,0.0
2017-11-29,6.106458120278614
2017-11-30,10.6963501701726
2017-12-01,0.0
2017-12-02,2.6602036229916957
2017-12-03,2.6602036229916957
2017-12-04,0.0
2017-12-05,3.2140295762703768
2017-12-06,12.400301850653667
2017-12-07,0.0
2017-12-08,0.0
2017-12-09,0.0
2017-12-10,7.29022454878169
2017-12-11,5.186233622115023
2017-12-12,4.900906936348697
2017-12-13,9.801813872697394
2017-12-14,0.0
2017-12-15,0.0
2017-12-16,0.0
2017-12-17,0.0
2017-12-18,0.0
2017-12-19,2.655067744453221
2017-12-20,0.0
2017-12-21,0.0
2017-12-22,2.3156540218862576
2017-12-23,0.0
2017-12-24,0.0
2017-12-25,0.2837055924716616
2017-12-26,0.0
2017-12-27,0.0
2017-12-28,11.134335563416824
2017-12-29,14.786196652183909
2017-12-30,11.455607161281597
2017-12-31,7.473734013703313
2018-01-01,0.0
2018-01-02,7.064356042472375
2018-01-03,0.0
2018-01-04,0.0
2018-01-05,0.0
2018-01-06,0.0
2018-01-07,0.0
2018-01-08,16.565173319437992
2018-01-09,0.0
2018-01-10,0.0
2018-01-11,0.0
2018-01-12,0.0
2018-01-13,0.0
2018-01-14,0.0
2018-01-15,0.0
2018-01-16,0.0
2018-01-17,0.0
2018-01-18,0.0
2018-01-19,0.0
2018-01-20,0.0
2018-01-21,0.0
2018-01-22,0.0
2018-01-23,0.0
2018-01-24,6.370752873408068
2018-01-25,0.0
2018-01-26,0.0
2018-01-27,17.12960459930933
2018-01-28,0.0
2018-01-29,0.0
2018-01-30,0.0
2018-01-31,0.0
2018-02-01,0.0
2018-02-02,0.0
2018-02-03,0.0
2018-02-04,0.0
2018-02-05,0.0
2018-02-06,2.2490106843194537
2018-02-07,0.0
2018-02-08,0.0
2018-02-09,0.0
2018-02-10,0.0
2018-02-11,0.0
2018-02-12,0.0
2018-02-13,0.0
2018-02-14,0.0
2018-02-15,15.432400535630718
2018-02-16,0.0
2018-02-17,0.0
2018-02-18,0.0
2018-02-19,26.55380429133813
2018-02-20,36.72414355189478
2018-02-21,58.96307067466352
2018-02-22,0.0
2018-02-23,0.0
2018-02-24,0.0
2018-02-25,0.0
2018-02-26,0.0
2018-02-27,0.0
2018-02-28,0.0
2018-03-01,0.0
2018-03-02,0.0
2018-03-03,0.0
2018-03-04,0.0
2018-03-05,0.0
2018-03-06,0.0
2018-03-07,20.624718285787434
2018-03-08,0.6614219908372794
2018-03-09,0.0
2018-03-10,0.0
2018-03-11,0.0
2018-03-12,0.0
2018-03-13,0.0
2018-03-14,0.0
2018-03-15,10.232551519054953
2018-03-16,1.589658929435265
2018-03-17,0.0
2018-03-18,0.0
2018-03-19,0.0
2018-03-20,0.0
2018-03-21,6.254224591714742
2018-03-22,3.8063782043524492
2018-03-23,19.733679442570132
2018-03-24,0.0
2018-03-25,0.0
2018-03-26,0.2898861546099028
2018-03-27,0.0
2018-03-28,0.0
2018-03-29,0.0
2018-03-30,0.0
2018-03-31,8.96344036216972
2018-04-01,0.0
2018-04-02,0.0
2018-04-03,0.0
2018-04-04,0.0
2018-04-05,0.4880603162932459
2018-04-06,9.974526951736737
2018-04-07,0.0
2018-04-08,0.0
2018-04-09,0.0
2018-04-10,28.247967676184643
2018-04-11,0.0
2018-04-12,0.0
2018-04-13,0.0
2018-04-14,0.0
2018-04-15,0.0
2018-04-16,0.0
2018-04-17,0.0
2018-04-18,0.0
2018-04-19,1.7311024703777125
2018-04-20,0.0
2018-04-21,0.2659284379185037
2018-04-22,0.0
2018-04-23,0.0
2018-04-24,0.0
2018-04-25,0.0
2018-04-26,0.0
2018-04-27,0.0
2018-04-28,0.0
2018-04-29,2.4279481283233406
2018-04-30,0.0
2018-05-01,0.0
2018-05-02,0.0
2018-05-03,12.072291374206545
2018-05-04,0.0
2018-05-05,0.0
2018-05-06,0.0
2018-05-07,0.0
2018-05-08,3.2360421892397184
2018-05-09,0.0
2018-05-10,0.10209129933864011
2018-05-11,0.0
2018-05-12,6.97383369374971
2018-05-13,2.0650702914129204
2018-05-14,3.9815409733698925
2018-05-15,0.0
2018-05-16,0.0
2018-05-17,0.0
2018-05-18,0.0
2018-05-19,0.0
2018-05-20,0.0
2018-05-21,0.0
2018-05-22,0.0
2018-05-23,0.0
2018-05-24,0.0
2018-05-25,0.0
2018-05-26,0.0
2018-05-27,4.698764973040919
2018-05-28,0.0
2018-05-29,0.0
2018-05-30,0.0
2018-05-31,0.0
2018-06-01,0.0
2018-06-02,0.0
2018-06-03,0.0
2018-06-04,1.0573627562990875
2018-06-05,0.0
2018-06-06,0.0
2018-06-07,0.0
2018-06-08,0.0
2018-06-09,0.0
2018-06-10,3.8610636264639133
2018-06-11,2.6634953759814874
2018-06-12,0.0
2018-06-13,0.0
2018-06-14,0.0
2018-06-15,0.0
2018-06-16,0.0
2018-06-17,0.0
2018-06-18,0.0
2018-06-19,0.0
2018-06-20,0.0
2018-06-21,0.0
2018-06-22,0.0
2018-06-23,0.0
2018-06-24,0.0
2018-06-25,0.0
2018-06-26,0.0
2018-06-27,0.0
2018-06-28,0.0
2018-06-29,0.0
2018-06-30,0.0
2018-07-01,0.0
2018-07-02,0.0
2018-07-03,0.0
2018-07-04,0.0
2018-07-05,1.1949680507130376
2018-07-06,0.0
2018-07-07,0.0
2018-07-08,0.0
2018-07-09,0.0
2018-07-10,0.0
2018-07-11,0.0
2018-07-12,0.0
2018-07-13,0.0
2018-07-14,0.0
2018-07-15,0.0
2018-07-16,0.0
2018-07-17,0.0
2018-07-18,0.0
2018-07-19,0.0
2018-07-20,0.0
2018-07-21,0.0
2018-07-22,0.0
2018-07-23,3.584676793989727
2018-07-24,0.0
2018-07-25,0.0
2018-07-26,0.0
2018-07-27,0.0
2018-07-28,0.0
2018-07-29,0.0
2018-07-30,4.30116441732587
2018-07-31,0.0
2018-08-01,0.0
2018-08-02,0.0
2018-08-03,0.0
2018-08-04,0.0
2018-08-05,12.453621045137066
2018-08-06,0.0
2018-08-07,0.0
2018-08-08,0.0
2018-08-09,0.0
2018-08-10,0.0
2018-08-11,0.0
2018-08-12,0.0
2018-08-13,0.0
2018-08-14,0.0
2018-08-15,0.0
2018-08-16,0.04383126014199645
2018-08-17,0.6321374246970834
2018-08-18,2.739053328094179
2018-08-19,0.006390017667698002
2018-08-20,2.2505098875515606e-06
2018-08-21,0.0
2018-08-22,0.0
2018-08-23,0.0
2018-08-24,0.0
2018-08-25,0.0
2018-08-26,0.0
2018-08-27,0.0
2018-08-28,0.0
2018-08-29,0.0
2018-08-30,0.0
2018-08-31,0.0
2018-09-01,0.0
2018-09-02,0.0
2018-09-03,0.0
2018-09-04,0.0
2018-09-05,0.0
2018-09-06,0.0
2018-09-07,8.242434521041858
2018-09-08,11.969837391935126
2018-09-09,0.0
2018-09-10,0.0
2018-09-11,0.0
2018-09-12,0.0
2018-09-13,0.0
2018-09-14,0.0
2018-09-15,0.0
2018-09-16,0.0
2018-09-17,0.0
2018-09-18,0.0
2018-09-19,0.0
2018-09-20,0.0
2018-09-21,0.0
2018-09-22,0.0
2018-09-23,0.0
2018-09-24,15.730713043246622
2018-09-25,0.0
2018-09-26,0.0
2018-09-27,0.0
2018-09-28,0.0
2018-09-29,0.0
2018-09-30,0.0
2018-10-01,0.0
2018-10-02,0.0
2018-10-03,0.0
2018-10-04,0.0
2018-10-05,0.0
2018-10-06,0.0
2018-10-07,0.0
2018-10-08,0.0
2018-10-09,0.0
2018-10-10,0.0
2018-10-11,0.0
2018-10-12,4.987124639522914
2018-10-13,7.182016460374855
2018-10-14,0.0
2018-10-15,0.0
2018-10-16,0.0
2018-10-17,4.763926426780425
2018-10-18,0.0
2018-10-19,0.0
2018-10-20,0.0
2018-10-21,0.0
2018-10-22,0.0
2018-10-23,0.0
2018-10-24,0.0
2018-10-25,0.0
2018-10-26,0.0
2018-10-27,0.0
2018-10-28,0.0
2018-10-29,0.0
2018-10-30,0.061919567123332145
2018-10-31,11.237537761792794
2018-11-01,13.296019930211347
2018-11-02,0.0
2018-11-03,0.0
2018-11-04,0.0
2018-11-05,0.229978241401895
2018-11-06,14.404900790314883
2018-11-07,0.0
2018-11-08,0.0
2018-11-09,0.0
2018-11-10,0.0
2018-11-11,0.0
2018-11-12,0.0
2018-11-13,0.0
2018-11-14,0.0
2018-11-15,0.0
2018-11-16,0.0
2018-11-17,0.0
2018-11-18,3.5499412182893093
2018-11-19,6.180710515124308
2018-11-20,5.917958835918856
2018-11-21,0.48408211531837264
2018-11-22,0.0
2018-11-23,0.0
2018-11-24,0.0
2018-11-25,5.5597347646134825
2018-11-26,0.0
2018-11-27,0.0
2018-11-28,7.25818560336355
2018-11-29,0.0
2018-11-30,0.0
2018-12-01,1.2777649262223383
2018-12-02,1.8493637539031338
2018-12-03,0.7987369390634391
2018-12-04,2.298770896319686
2018-12-05,5.548091312513007
2018-12-06,0.0
2018-12-07,3.486172085415464
2018-12-08,18.95436302863002
2018-12-09,3.1383971282594723
2018-12-10,0.0
2018-12-11,0.0
2018-12-12,0.0
2018-12-13,0.0
2018-12-14,0.0
2018-12-15,0.0
2018-12-16,6.184704361079966
2018-12-17,0.0
2018-12-18,0.0
2018-12-19,2.604787876287675
2018-12-20,24.738817444319864
2018-12-21,5.12740212473376
2018-12-22,2.6054477451334592
2018-12-23,5.590023333366523
2018-12-24,1.0593856887728845
2018-12-25,0.18429310987419414
2018-12-26,2.737766180599189
2018-12-27,0.0
2018-12-28,2.791036542593959
2018-12-29,0.0
2018-12-30,1.7532265112528649
2018-12-31,5.081321113832645
2019-01-01,15.26755581104471
2019-01-02,18.82222073569328
2019-01-03,0.0
2019-01-04,0.0
2019-01-05,21.848757710950135
2019-01-06,0.4063585485429706
2019-01-07,0.0
2019-01-08,6.972213789385891
2019-01-09,0.0
2019-01-10,4.975063796595702
2019-01-11,1.8794074648782075
2019-01-12,0.0
2019-01-13,13.463208646293662
2019-01-14,0.0
2019-01-15,0.0
2019-01-16,0.0
2019-01-17,0.0
2019-01-18,0.0
2019-01-19,0.0
2019-01-20,0.0
2019-01-21,0.0
2019-01-22,0.0
2019-01-23,0.0
2019-01-24,0.0
2019-01-25,0.0
2019-01-26,16.48692033398373
2019-01-27,4.181469455005637
2019-01-28,0.0
2019-01-29,0.0
2019-01-30,4.288164195078439
2019-01-31,0.0
2019-02-01,1.5138047734369338
2019-02-02,10.615432246399601
2019-02-03,9.586335013547272
2019-02-04,9.601153526339882
2019-02-05,11.60715607011561
2019-02-06,2.456706388770322
2019-02-07,0.0
2019-02-08,0.0
2019-02-09,0.0
2019-02-10,0.0
2019-02-11,12.581908428384393
2019-02-12,7.35918664805769
2019-02-13,34.55932568618411
2019-02-14,0.0
2019-02-15,0.0
2019-02-16,10.575341229729691
2019-02-17,0.0
2019-02-18,0.0
2019-02-19,0.0
2019-02-20,0.0
2019-02-21,0.0
2019-02-22,11.032534371636592
2019-02-23,21.004231526301457
2019-02-24,5.516267185818296
2019-02-25,11.032534371636592
2019-02-26,0.0
2019-02-27,0.0
2019-02-28,0.0
2019-03-01,0.0
2019-03-02,0.0
2019-03-03,26.01897685744929
2019-03-04,0.0
2019-03-05,4.513553335221863
2019-03-06,0.0
2019-03-07,0.0
2019-03-08,0.0
2019-03-09,0.0
2019-03-10,0.0
2019-03-11,0.0
2019-03-12,0.0
2019-03-13,0.0
2019-03-14,0.0
2019-03-15,0.0
2019-03-16,0.0
2019-03-17,4.630426648019375
2019-03-18,27.869962899691235
2019-03-19,0.0
2019-03-20,0.0
2019-03-21,20.429083533249106
2019-03-22,0.0
2019-03-23,0.0
2019-03-24,0.0
2019-03-25,0.0
2019-03-26,0.0
2019-03-27,0.0
2019-03-28,0.0
2019-03-29,0.15764725998795004
2019-03-30,0.0
2019-03-31,0.0
2019-04-01,9.550336218849944
2019-04-02,12.39739928342514
2019-04-03,1.890966608922741
2019-04-04,0.0
2019-04-05,5.067530724772514
2019-04-06,6.114750087208501
2019-04-07,0.38840572460892986
2019-04-08,4.123101621681774
2019-04-09,0.0
2019-04-10,0.0
2019-04-11,3.7259826261737934
2019-04-12,5.232176144496199
2019-04-13,0.0
2019-04-14,0.0
2019-04-15,0.0
2019-04-16,0.0
2019-04-17,0.0
2019-04-18,6.504252351141947
2019-04-19,3.459104579281323
2019-04-20,0.0
2019-04-21,3.7903964898946754
2019-04-22,0.969800353419138
2019-04-23,0.7281794524846301
2019-04-24,0.9559404863708323
2019-04-25,0.9488430191836033
2019-04-26,0.0
2019-04-27,0.0
2019-04-28,0.0
2019-04-29,0.0
2019-04-30,0.0
2019-05-01,0.0
2019-05-02,0.0
2019-05-03,0.0
2019-05-04,0.0
2019-05-05,0.0
2019-05-06,0.0
2019-05-07,0.0
2019-05-08,0.0
2019-05-09,0.0
2019-05-10,0.0
2019-05-11,0.0
2019-05-12,1.4195640253662325
2019-05-13,0.0
2019-05-14,0.0
2019-05-15,0.0
2019-05-16,0.0
2019-05-17,1.1419287233833295
2019-05-18,0.0
2019-05-19,0.0
2019-05-20,0.0
2019-05-21,0.0
2019-05-22,0.0
2019-05-23,0.0
2019-05-24,0.0
2019-05-25,0.0
2019-05-26,0.0
2019-05-27,0.0
2019-05-28,0.0
2019-05-29,3.200400148842
2019-05-30,0.0
2019-05-31,0.0
2019-06-01,0.0
2019-06-02,0.0
2019-06-03,0.0
2019-06-04,0.0
2019-06-05,0.0
2019-06-06,0.0
2019-06-07,0.0
2019-06-08,0.0
2019-06-09,0.0
2019-06-10,0.0
2019-06-11,0.0
2019-06-12,0.0
2019-06-13,1.4876193662958797
2019-06-14,0.0
2019-06-15,0.0
2019-06-16,0.0
2019-06-17,0.0
2019-06-18,0.0
2019-06-19,0.0
2019-06-20,0.41032666173474547
2019-06-21,0.0
2019-06-22,0.0
2019-06-23,0.0
2019-06-24,0.0
2019-06-25,2.900050406957706
2019-06-26,4.618042290685032
2019-06-27,0.0
2019-06-28,0.0
2019-06-29,0.0
2019-06-30,0.0
2019-07-01,0.0
2019-07-02,0.0
2019-07-03,0.0
2019-07-04,0.0
2019-07-05,3.389617513493033
2019-07-06,0.0
2019-07-07,0.0
2019-07-08,0.0
2019-07-09,0.0
2019-07-10,0.0
2019-07-11,0.0
2019-07-12,0.0
2019-07-13,0.0
2019-07-14,0.0
2019-07-15,0.0
2019-07-16,0.0
2019-07-17,0.0
2019-07-18,0.0
2019-07-19,0.0
2019-07-20,3.9241163583058998
2019-07-21,0.0
2019-07-22,0.0
2019-07-23,0.0
2019-07-24,0.0
2019-07-25,0.0
2019-07-26,0.0
2019-07-27,0.0
2019-07-28,0.0
2019-07-29,0.0
2019-07-30,0.0
2019-07-31,0.0
2019-08-01,1.0519215959452823
2019-08-02,0.0
2019-08-03,0.0
2019-08-04,0.0
2019-08-05,0.0
2019-08-06,0.0
2019-08-07,0.0
2019-08-08,0.0
2019-08-09,0.0
2019-08-10,0.0
2019-08-11,0.0
2019-08-12,0.0
2019-08-13,0.0
2019-08-14,0.0
2019-08-15,0.0
2019-08-16,0.0
2019-08-17,0.0
2019-08-18,0.0
2019-08-19,0.0
2019-08-20,0.0
2019-08-21,0.0
2019-08-22,0.0
2019-08-23,0.0
2019-08-24,3.9575281377180196
2019-08-25,0.0
2019-08-26,0.0
2019-08-27,0.0
2019-08-28,2.6466086197489664
2019-08-29,0.0
2019-08-30,0.0
2019-08-31,0.0
2019-09-01,0.0
2019-09-02,0.0
2019-09-03,0.0
2019-09-04,0.0
2019-09-05,6.532056595138698
2019-09-06,7.483149829530592
2019-09-07,0.0
2019-09-08,0.0
2019-09-09,0.0
2019-09-10,0.0
2019-09-11,0.0
2019-09-12,0.0
2019-09-13,0.0
2019-09-14,4.708076641055782
2019-09-15,0.0
2019-09-16,0.0
2019-09-17,0.0
2019-09-18,0.0
2019-09-19,0.0
2019-09-20,0.0
2019-09-21,0.0
2019-09-22,0.0
2019-09-23,0.0
2019-09-24,0.0
2019-09-25,0.0
2019-09-26,0.0
2019-09-27,0.0
2019-09-28,0.0
2019-09-29,0.0
2019-09-30,7.009326374499174
2019-10-01,4.7893992355710955
2019-10-02,0.0
2019-10-03,0.0
2019-10-04,0.0
2019-10-05,0.0
2019-10-06,0.0
2019-10-07,0.0
2019-10-08,0.0
2019-10-09,14.55321757251662
2019-10-10,8.264665677840473
2019-10-11,0.0
2019-10-12,0.0
2019-10-13,0.0
2019-10-14,0.0
2019-10-15,0.0
2019-10-16,0.0
2019-10-17,0.0
2019-10-18,0.0
2019-10-19,0.0
2019-10-20,0.0
2019-10-21,0.0
2019-10-22,0.0
2019-10-23,0.0
2019-10-24,0.0
2019-10-25,0.08686655501577309
2019-10-26,11.328863264500411
2019-10-27,0.5463701597259278
2019-10-28,10.858251293816473
2019-10-29,0.0
2019-10-30,0.0
2019-10-31,0.0
2019-11-01,2.7206482090431443
2019-11-02,0.0
2019-11-03,0.0
2019-11-04,0.0
2019-11-05,0.0
2019-11-06,0.0
2019-11-07,0.0
2019-11-08,4.769834426522362
2019-11-09,8.851212446717012
2019-11-10,3.6162601196059714
2019-11-11,1.5177986746230663
2019-11-12,0.6627737983046751
2019-11-13,0.7191099983522263
2019-11-14,16.125120200908473
2019-11-15,0.02258103222122612
2019-11-16,0.0
2019-11-17,6.657805156117514
2019-11-18,5.485222211040091
2019-11-19,1.1725829450774257
2019-11-20,11.159290717619905
2019-11-21,25.552804992432936
2019-11-22,0.0
2019-11-23,5.325066260380834
2019-11-24,0.0
2019-11-25,1.3220622507899766
2019-11-26,0.0
2019-11-27,0.0
2019-11-28,0.0
2019-11-29,0.0
2019-11-30,0.0
2019-12-01,0.0
2019-12-02,0.0
2019-12-03,0.0
2019-12-04,4.031842038654628
2019-12-05,0.0
2019-12-06,0.0
2019-12-07,11.62244266371723
2019-12-08,19.468457008651885
2019-12-09,8.113959453255598
2019-12-10,10.146258893000356
2019-12-11,0.0
2019-12-12,0.0
2019-12-13,0.0
2019-12-14,0.0
2019-12-15,0.0
2019-12-16,0.0
2019-12-17,0.0
2019-12-18,0.0
2019-12-19,0.0
2019-12-20,4.538071365086617
2019-12-21,0.0
2019-12-22,0.0
2019-12-23,0.0
2019-12-24,0.6801065850531919
2019-12-25,4.874252141839526
2019-12-26,15.075465103675585
2019-12-27,11.426740346178349
2019-12-28,0.0
2019-12-29,0.0
2019-12-30,0.0
2019-12-31,6.153491652612661
2020-01-01,0.6561712337530998
2020-01-02,8.64812939531713
2020-01-03,17.29625879063426
2020-01-04,18.65684246279096
2020-01-05,11.423919446693915
2020-01-06,9.401873802738208
2020-01-07,0.0
2020-01-08,0.0
2020-01-09,1.1904934799639555
2020-01-10,0.0
2020-01-11,0.0
2020-01-12,0.0
2020-01-13,14.060449106096696
2020-01-14,0.6225839103880866
2020-01-15,0.0
2020-01-16,0.0
2020-01-17,0.0
2020-01-18,20.77794967806519
2020-01-19,3.771831624598551
2020-01-20,0.0
2020-01-21,0.0
2020-01-22,0.0
2020-01-23,0.0
2020-01-24,0.0
2020-01-25,0.0
2020-01-26,0.0
2020-01-27,0.0
2020-01-28,0.0
2020-01-29,0.0
2020-01-30,0.0
2020-01-31,0.0
2020-02-01,0.0
2020-02-02,0.0
2020-02-03,0.0
2020-02-04,0.0
2020-02-05,9.440628716631553
2020-02-06,38.07837306325359
2020-02-07,13.127594264812117
2020-02-08,0.0
2020-02-09,28.015930018100356
2020-02-10,6.157989686616854
2020-02-11,0.0
2020-02-12,0.0
2020-02-13,0.0
2020-02-14,0.0
2020-02-15,0.0
2020-02-16,0.0
2020-02-17,0.0
2020-02-18,0.0
2020-02-19,0.0
2020-02-20,8.58562429809233
2020-02-21,0.0
2020-02-22,27.241011969501425
2020-02-23,0.0
2020-02-24,0.0
2020-02-25,0.0
2020-02-26,0.0
2020-02-27,0.0
2020-02-28,0.0
2020-02-29,0.0
2020-03-01,2.5666598717160825
2020-03-02,0.0
2020-03-03,0.0
2020-03-04,0.0
2020-03-05,0.0
2020-03-06,0.0
2020-03-07,0.0
2020-03-08,0.0
2020-03-09,0.0
2020-03-10,0.0
2020-03-11,12.151185877232509
2020-03-12,0.0
2020-03-13,0.0
2020-03-14,0.0
2020-03-15,0.0
2020-03-16,0.0
2020-03-17,0.0
2020-03-18,1.6253696057145097
2020-03-19,0.0
2020-03-20,14.898200820970072
2020-03-21,4.1119914583987
2020-03-22,0.0
2020-03-23,0.1980950187308719
2020-03-24,0.0
2020-03-25,6.592736779009739
2020-03-26,13.623779533817958
2020-03-27,6.811889766908979
2020-03-28,0.0
2020-03-29,0.0
2020-03-30,0.0
2020-03-31,3.881207073609667
2020-04-01,0.0
2020-04-02,0.0
2020-04-03,0.0
2020-04-04,0.0
2020-04-05,0.0
2020-04-06,0.0
2020-04-07,0.0
2020-04-08,0.0
2020-04-09,0.0
2020-04-10,0.0
2020-04-11,0.0
2020-04-12,0.0
2020-04-13,0.0
2020-04-14,7.345254638361572
2020-04-15,24.30008920961308
2020-04-16,0.0
2020-04-17,0.0
2020-04-18,0.0
2020-04-19,0.0
2020-04-20,0.0
2020-04-21,0.0
2020-04-22,0.0
2020-04-23,0.0
2020-04-24,0.0
2020-04-25,3.751251733376852
2020-04-26,0.0
2020-04-27,0.0
2020-04-28,0.0
2020-04-29,0.0
2020-04-30,0.0
2020-05-01,0.0
2020-05-02,0.0
2020-05-03,0.0
2020-05-04,0.0
2020-05-05,0.0
2020-05-06,0.0
2020-05-07,0.0
2020-05-08,0.0
2020-05-09,0.0
2020-05-10,0.0
2020-05-11,0.0
2020-05-12,0.0
2020-05-13,0.0
2020-05-14,0.0
2020-05-15,0.0
2020-05-16,0.0
2020-05-17,0.0
2020-05-18,0.0
2020-05-19,0.0
2020-05-20,0.0
2020-05-21,0.4832010941100691
2020-05-22,0.3760710244785886
2020-05-23,0.84758665011626
2020-05-24,0.3760710244785886
2020-05-25,0.3760710244785886
2020-05-26,0.0
2020-05-27,0.0
2020-05-28,0.0
2020-05-29,0.0
2020-05-30,0.0
2020-05-31,0.0
2020-06-01,3.8821453087752275e-06
2020-06-02,6.123685011174736e-05
2020-06-03,0.0
2020-06-04,8.093897023525628
2020-06-05,2.543218378889993
2020-06-06,0.0
2020-06-07,0.0
2020-06-08,0.0
2020-06-09,0.0
2020-06-10,0.0
2020-06-11,0.012274457457807628
2020-06-12,0.016323501660853338
2020-06-13,0.0
2020-06-14,0.0
2020-06-15,8.125394462801314
2020-06-16,0.0
2020-06-17,0.0
2020-06-18,0.0
2020-06-19,0.0
2020-06-20,0.0
2020-06-21,0.0
2020-06-22,0.0
2020-06-23,0.0
2020-06-24,0.0
2020-06-25,0.0
2020-06-26,0.0
2020-06-27,0.0
2020-06-28,0.0
2020-06-29,0.0
2020-06-30,0.0
2020-07-01,0.0
2020-07-02,0.0
2020-07-03,0.0
2020-07-04,0.0
2020-07-05,0.0
2020-07-06,0.0
2020-07-07,0.0
2020-07-08,0.0
2020-07-09,0.0
2020-07-10,0.0
2020-07-11,0.0
2020-07-12,0.0
2020-07-13,0.0
2020-07-14,3.879874515280483
2020-07-15,0.0
2020-07-16,0.0
2020-07-17,0.0
2020-07-18,0.0
2020-07-19,0.0
2020-07-20,0.0
2020-07-21,0.0
2020-07-22,0.0
2020-07-23,0.0
2020-07-24,0.0
2020-07-25,0.0
2020-07-26,0.0
2020-07-27,5.220193979910894
2020-07-28,0.0
2020-07-29,0.0
2020-07-30,0.0
2020-07-31,0.0
2020-08-01,0.0
2020-08-02,0.0
2020-08-03,0.0
2020-08-04,0.0
2020-08-05,2.8901204333486654
2020-08-06,1.0233555143644704
2020-08-07,0.0
2020-08-08,0.0
2020-08-09,0.0
2020-08-10,0.0
2020-08-11,0.0
2020-08-12,0.0
2020-08-13,0.0
2020-08-14,0.0
2020-08-15,0.0
2020-08-16,0.0
2020-08-17,0.0
2020-08-18,0.0
2020-08-19,0.0
2020-08-20,0.0
2020-08-21,0.0
2020-08-22,0.0
2020-08-23,0.0
2020-08-24,0.0
2020-08-25,0.0
2020-08-26,0.0
2020-08-27,0.0
2020-08-28,0.0
2020-08-29,0.0
2020-08-30,1.4886850041693869
2020-08-31,0.0
2020-09-01,0.0
2020-09-02,0.0
2020-09-03,0.0
2020-09-04,0.0
2020-09-05,0.0
2020-09-06,5.919718373886366
2020-09-07,0.0
2020-09-08,0.0
2020-09-09,0.0
2020-09-10,0.0
2020-09-11,0.0
2020-09-12,0.0
2020-09-13,0.0
2020-09-14,0.0
2020-09-15,7.311650773679968
2020-09-16,4.187113710044235
2020-09-17,0.0
2020-09-18,0.0
2020-09-19,0.0
2020-09-20,0.0
2020-09-21,6.413590244020011
2020-09-22,0.0
2020-09-23,0.0
2020-09-24,0.0
2020-09-25,0.0
2020-09-26,0.0
2020-09-27,0.0
2020-09-28,0.0
2020-09-29,0.0
2020-09-30,0.0
2020-10-01,14.468801215093398
2020-10-02,1.9511371025672328
2020-10-03,0.0
2020-10-04,0.0
2020-10-05,19.508311061707357
2020-10-06,0.0
2020-10-07,0.0
2020-10-08,0.0
2020-10-09,0.0
2020-10-10,0.0
2020-10-11,0.0
2020-10-12,0.0
2020-10-13,0.0
2020-10-14,0.0
2020-10-15,0.0
2020-10-16,0.0
2020-10-17,0.0
2020-10-18,0.0
2020-10-19,10.770480554784747
2020-10-20,0.0
2020-10-21,0.0
2020-10-22,0.0
2020-10-23,0.0
2020-10-24,1.5069344037407593
2020-10-25,0.0
2020-10-26,0.8170272525067251
2020-10-27,1.4336314495425644
2020-10-28,0.0
2020-10-29,0.002379349003456184
2020-10-30,0.5828744739320404
2020-10-31,7.90381812374746
2020-11-01,12.385760374769081
2020-11-02,0.0
2020-11-03,2.449949217728026
2020-11-04,0.0
2020-11-05,8.29522893578473
2020-11-06,0.0
2020-11-07,0.0
2020-11-08,0.0
2020-11-09,0.0
2020-11-10,0.0
2020-11-11,0.0
2020-11-12,0.0
2020-11-13,0.0
2020-11-14,0.0
2020-11-15,0.0
2020-11-16,0.0
2020-11-17,0.0
2020-11-18,0.0
2020-11-19,30.24220636774227
2020-11-20,0.0
2020-11-21,0.0
2020-11-22,0.0
2020-11-23,0.0
2020-11-24,0.0
2020-11-25,11.980944343418491
2020-11-26,0.0
2020-11-27,0.0
2020-11-28,0.0
2020-11-29,0.6246800460613059
2020-11-30,0.0
2020-12-01,7.774510705713463
2020-12-02,0.0
2020-12-03,0.0
2020-12-04,0.0
2020-12-05,0.0
2020-12-06,0.0
2020-12-07,0.0
2020-12-08,0.0
2020-12-09,0.0
2020-12-10,0.9204198886186649
2020-12-11,8.179426952129335
2020-12-12,3.0764801342017245
2020-12-13,0.0
2020-12-14,2.41788160115823
2020-12-15,6.152960268403449
2020-12-16,14.138767864723107
2020-12-17,0.0
2020-12-18,0.0
2020-12-19,0.0
2020-12-20,0.0
2020-12-21,0.0
2020-12-22,0.9822367388626625
2020-12-23,12.737767562731298
2020-12-24,12.872130521307152
2020-12-25,0.0
2020-12-26,0.0
2020-12-27,5.676356143597267
2020-12-28,0.0
2020-12-29,4.563171014861657
2020-12-30,0.0
2020-12-31,2.569762811736656
2021-01-01,0.0
2021-01-02,0.0
2021-01-03,0.0
2021-01-04,12.605785116065825
2021-01-05,13.805202450402327
2021-01-06,18.627408837976976
2021-01-07,0.0
2021-01-08,0.0
2021-01-09,0.0
2021-01-10,0.0
2021-01-11,0.0
2021-01-12,0.0
2021-01-13,0.0
2021-01-14,0.0
2021-01-15,0.0
2021-01-16,14.414443396341477
2021-01-17,0.0
2021-01-18,0.0
2021-01-19,0.0
2021-01-20,0.0
2021-01-21,0.0
2021-01-22,0.0
2021-01-23,10.923286108291856
2021-01-24,67.90970234149964
2021-01-25,17.600019359672945
2021-01-26,0.0
2021-01-27,0.0
2021-01-28,0.0
2021-01-29,0.0
2021-01-30,22.32450138837442
2021-01-31,51.6712686351503
2021-02-01,56.532113818127335
2021-02-02,0.0
2021-02-03,0.0
2021-02-04,46.589091283256884
2021-02-05,1.4392516037513472
2021-02-06,0.44805509025917767
2021-02-07,7.793458909929378
2021-02-08,2.1724099910543835
2021-02-09,4.940779770295459
2021-02-10,0.0
2021-02-11,0.0
2021-02-12,29.95307783401719
2021-02-13,74.18435376856203
2021-02-14,46.64413722651287
2021-02-15,0.0
2021-02-16,0.0
2021-02-17,0.0
2021-02-18,0.0
2021-02-19,0.0
2021-02-20,0.05465324867309247
2021-02-21,0.0
2021-02-22,0.0
2021-02-23,0.0
2021-02-24,8.134902137027812
2021-02-25,0.0
2021-02-26,0.0
2021-02-27,0.0
2021-02-28,0.0
2021-03-01,0.0
2021-03-02,0.0
2021-03-03,0.0
2021-03-04,0.0
2021-03-05,2.4191902499616313
2021-03-06,0.0
2021-03-07,0.0
2021-03-08,0.0
2021-03-09,12.416673705811844
2021-03-10,12.416673705811844
2021-03-11,10.619593509417735
2021-03-12,0.0
2021-03-13,0.0
2021-03-14,0.0
2021-03-15,0.0
2021-03-16,0.0
2021-03-17,24.124202218970616
2021-03-18,14.172708509666116
2021-03-19,0.0
2021-03-20,0.0
2021-03-21,28.246891876746872
2021-03-22,0.0
2021-03-23,0.0
2021-03-24,0.0
2021-03-25,0.0
2021-03-26,0.0
2021-03-27,0.0
2021-03-28,0.0
2021-03-29,0.0
2021-03-30,0.0
2021-03-31,0.0
2021-04-01,0.0
2021-04-02,0.0
2021-04-03,0.0
2021-04-04,0.0
2021-04-05,0.0
2021-04-06,0.0
2021-04-07,0.0
2021-04-08,0.0
2021-04-09,0.0
2021-04-10,0.0
2021-04-11,0.0
2021-04-12,0.0
2021-04-13,0.0
2021-04-14,0.0
2021-04-15,0.0
2021-04-16,0.0
2021-04-17,0.0
2021-04-18,0.0
2021-04-19,0.0
2021-04-20,0.0
2021-04-21,0.0
2021-04-22,0.0
2021-04-23,15.975732982105958
2021-04-24,0.0
2021-04-25,0.0
2021-04-26,0.0
2021-04-27,0.0
2021-04-28,0.0
2021-04-29,0.0
2021-04-30,0.0
2021-05-01,0.0
2021-05-02,0.0
2021-05-03,0.0
2021-05-04,0.0
2021-05-05,0.24410559707358284
2021-05-06,0.0
2021-05-07,0.0
2021-05-08,0.0
2021-05-09,0.0
2021-05-10,0.0
2021-05-11,0.0
2021-05-12,0.0
2021-05-13,0.0
2021-05-14,0.0
2021-05-15,0.0
2021-05-16,0.0
2021-05-17,1.2478127372043522
2021-05-18,0.0
2021-05-19,0.0
2021-05-20,1.8002037652080616
2021-05-21,0.0
2021-05-22,0.0
2021-05-23,0.0
2021-05-24,0.0
2021-05-25,0.0
2021-05-26,0.0
2021-05-27,0.0
2021-05-28,0.0
2021-05-29,0.0
2021-05-30,0.0
2021-05-31,1.5729113213263395
2021-06-01,4.122362910489085
2021-06-02,0.0
2021-06-03,0.0
2021-06-04,2.984823184768043
2021-06-05,0.0
2021-06-06,0.0
2021-06-07,0.0
2021-06-08,0.0
2021-06-09,0.0
2021-06-10,0.0
2021-06-11,3.358128895493971
2021-06-12,0.0
2021-06-13,0.0
2021-06-14,0.0
2021-06-15,0.0
2021-06-16,0.0
2021-06-17,0.0
2021-06-18,0.0
2021-06-19,0.0
2021-06-20,0.0
2021-06-21,0.0
2021-06-22,0.0
2021-06-23,0.0
2021-06-24,0.0
2021-06-25,0.0
2021-06-26,0.0
2021-06-27,0.0
2021-06-28,4.23926950407492
2021-06-29,0.0
2021-06-30,0.0
2021-07-01,0.0
2021-07-02,0.0
2021-07-03,0.0
2021-07-04,0.0
2021-07-05,0.0
2021-07-06,0.0
2021-07-07,0.0
2021-07-08,0.0
2021-07-09,0.0
2021-07-10,0.0
2021-07-11,0.0
2021-07-12,0.0
2021-07-13,0.0
2021-07-14,0.0
2021-07-15,0.0
2021-07-16,3.8761458354750964
2021-07-17,0.0
2021-07-18,0.0
2021-07-19,0.0
2021-07-20,0.0
2021-07-21,0.0
2021-07-22,0.1645117577570503
2021-07-23,0.0
2021-07-24,0.0
2021-07-25,0.0
2021-07-26,5.104802837000813
2021-07-27,0.0
2021-07-28,0.0
2021-07-29,0.2759646231046723
2021-07-30,0.0
2021-07-31,0.0
2021-08-01,0.0
2021-08-02,0.0
2021-08-03,0.0
2021-08-04,0.0
2021-08-05,0.0
2021-08-06,0.0
2021-08-07,0.0
2021-08-08,0.0
2021-08-09,0.0
2021-08-10,2.2209361073825344
2021-08-11,0.0
2021-08-12,0.0
2021-08-13,0.0
2021-08-14,0.0
2021-08-15,0.0
2021-08-16,0.0
2021-08-17,0.0
2021-08-18,0.0
2021-08-19,0.0
2021-08-20,0.0
2021-08-21,0.0
2021-08-22,0.0
2021-08-23,0.0
2021-08-24,0.0
2021-08-25,0.0
2021-08-26,0.0
2021-08-27,0.0
2021-08-28,4.9584986023097635
2021-08-29,0.0
2021-08-30,0.0
2021-08-31,0.0
2021-09-01,0.0
2021-09-02,0.0
2021-09-03,0.0
2021-09-04,0.0
2021-09-05,0.0
2021-09-06,0.0
2021-09-07,0.0
2021-09-08,0.0
2021-09-09,0.0
2021-09-10,0.0
2021-09-11,0.0
2021-09-12,0.0
2021-09-13,0.0
2021-09-14,0.0
2021-09-15,0.0
2021-09-16,0.0
2021-09-17,0.0
2021-09-18,0.0
2021-09-19,0.0
2021-09-20,0.0
2021-09-21,0.0
2021-09-22,0.0
2021-09-23,0.0
2021-09-24,0.0
2021-09-25,0.0
2021-09-26,0.0
2021-09-27,0.0
2021-09-28,0.0
2021-09-29,14.464083499554299
2021-09-30,0.0
2021-10-01,3.3452499880398623
2021-10-02,43.40653223025916
2021-10-03,0.3066490537608018
2021-10-04,0.0
2021-10-05,0.0
2021-10-06,0.0
2021-10-07,0.0
2021-10-08,0.0
2021-10-09,0.0
2021-10-10,0.0
2021-10-11,0.0
2021-10-12,0.0
2021-10-13,0.0
2021-10-14,0.0
2021-10-15,0.0
2021-10-16,0.0
2021-10-17,0.0
2021-10-18,0.0
2021-10-19,0.0
2021-10-20,0.0
2021-10-21,0.0
2021-10-22,0.0
2021-10-23,0.0
2021-10-24,0.0
2021-10-25,13.390575884507887
2021-10-26,0.0
2021-10-27,0.0
2021-10-28,1.508688908989297
2021-10-29,0.0
2021-10-30,10.296801006340749
2021-10-31,0.0
2021-11-01,0.0
2021-11-02,0.0
2021-11-03,0.0
2021-11-04,2.461873733923564
2021-11-05,8.945124233222241
2021-11-06,5.996368277505055
2021-11-07,11.000407892238979
2021-11-08,2.9981841387525274
2021-11-09,5.996368277505055
2021-11-10,0.0
2021-11-11,0.08424316224115914
2021-11-12,0.0
2021-11-13,5.195959509420354
2021-11-14,0.0
2021-11-15,0.0
2021-11-16,7.938503476605809
2021-11-17,7.178156817728814
2021-11-18,0.0
2021-11-19,0.0
2021-11-20,1.4563979476453142
2021-11-21,3.2303262182719727
2021-11-22,0.0
2021-11-23,0.0
2021-11-24,0.0
2021-11-25,0.0
2021-11-26,0.0
2021-11-27,0.0
2021-11-28,0.0
2021-11-29,7.546914858274182
2021-11-30,8.27624951686404
2021-12-01,8.267087279538156
2021-12-02,4.244162077402037
2021-12-03,10.868268003725143
2021-12-04,0.0
2021-12-05,6.449413009916757
2021-12-06,0.4339741720339559
2021-12-07,8.07987025140346
2021-12-08,4.8286929851501625
2021-12-09,0.0
2021-12-10,17.32887482579887
2021-12-11,5.971561873728571
2021-12-12,11.168774195417276
2021-12-13,19.12313336423812
2021-12-14,6.167839479277768
2021-12-15,1.9469008599626187
2021-12-16,11.870545075279123
2021-12-17,11.870545075279123
2021-12-18,0.0
2021-12-19,0.0
2021-12-20,0.0
2021-12-21,0.0
2021-12-22,0.0
2021-12-23,0.0
2021-12-24,0.0
2021-12-25,0.0
2021-12-26,0.0
2021-12-27,21.477988567740177
2021-12-28,0.0
2021-12-29,10.021838847564242
2021-12-30,9.807797312209507
2021-12-31,26.327393234145003
2022-01-01,0.0
2022-01-02,9.439334867276733
2022-01-03,0.0
2022-01-04,0.0
2022-01-05,2.4267564949791165
2022-01-06,23.169479717521096
2022-01-07,0.0
2022-01-08,0.0
2022-01-09,0.0
2022-01-10,0.6436478634201036
2022-01-11,20.300884103479905
2022-01-12,19.72642873094527
2022-01-13,0.0
2022-01-14,0.0
2022-01-15,0.0
2022-01-16,8.14292233987365
2022-01-17,0.0
2022-01-18,0.0
2022-01-19,0.0
2022-01-20,0.0
2022-01-21,0.0
2022-01-22,0.0
2022-01-23,0.0
2022-01-24,0.0
2022-01-25,0.0
2022-01-26,0.0
2022-01-27,0.0
2022-01-28,26.065494845969607
2022-01-29,0.0
2022-01-30,0.0
2022-01-31,0.0
2022-02-01,0.0
2022-02-02,0.0
2022-02-03,0.0
2022-02-04,0.0
2022-02-05,0.0
2022-02-06,1.4775900195701055
2022-02-07,0.0
2022-02-08,0.0
2022-02-09,0.0
2022-02-10,0.0
2022-02-11,0.0
2022-02-12,0.0
2022-02-13,0.0
2022-02-14,0.0
2022-02-15,1.0652804532797333
2022-02-16,0.0
2022-02-17,4.285848513838467
2022-02-18,3.88867631704801
2022-02-19,0.6209747854531287
2022-02-20,27.00428166882746
2022-02-21,0.0
2022-02-22,0.0
2022-02-23,0.0
2022-02-24,0.0
2022-02-25,0.0
2022-02-26,0.0
2022-02-27,0.0
2022-02-28,0.0
2022-03-01,0.0
2022-03-02,31.37183003379222
2022-03-03,0.0
2022-03-04,0.0
2022-03-05,0.0
2022-03-06,0.0
2022-03-07,0.0
2022-03-08,0.0
2022-03-09,0.0
2022-03-10,0.0
2022-03-11,0.0
2022-03-12,0.0
2022-03-13,0.0
2022-03-14,0.0
2022-03-15,0.0
2022-03-16,0.0
2022-03-17,0.0
2022-03-18,0.0
2022-03-19,0.0
2022-03-20,0.0
2022-03-21,0.0
2022-03-22,0.0
2022-03-23,0.0
2022-03-24,0.0
2022-03-25,40.86927891030552
2022-03-26,0.0
2022-03-27,0.0
2022-03-28,0.0
2022-03-29,0.0
2022-03-30,0.0
2022-03-31,0.0
2022-04-01,0.31126693705348824
2022-04-02,11.794408878323043
2022-04-03,0.0
2022-04-04,0.0
2022-04-05,0.0
2022-04-06,0.0
2022-04-07,0.0
2022-04-08,0.0
2022-04-09,6.4238211958941696
2022-04-10,0.0
2022-04-11,0.13667083355729082
2022-04-12,0.0
2022-04-13,0.0
2022-04-14,0.0
2022-04-15,2.2280231614117074
2022-04-16,0.0
2022-04-17,9.148168300760204
2022-04-18,0.0
2022-04-19,1.3027499449347946
2022-04-20,0.0
2022-04-21,0.0
2022-04-22,0.0
2022-04-23,0.0
2022-04-24,0.0
2022-04-25,8.642303005559164
2022-04-26,2.8604562693628774
2022-04-27,0.0
2022-04-28,0.0
2022-04-29,0.0
2022-04-30,5.20575628483011
2022-05-01,0.0
2022-05-02,0.0
2022-05-03,0.0
2022-05-04,0.0
2022-05-05,1.2396503316945044
2022-05-06,0.0
2022-05-07,0.0
2022-05-08,4.213134895479858
2022-05-09,0.0
2022-05-10,0.0
2022-05-11,0.0
2022-05-12,0.0
2022-05-13,0.0
2022-05-14,0.0
2022-05-15,4.325674463857285
2022-05-16,3.9198549217507446
2022-05-17,0.0
2022-05-18,0.0
2022-05-19,0.0
2022-05-20,0.0
2022-05-21,0.0
2022-05-22,19.055700205997702
2022-05-23,7.62141722519771
2022-05-24,0.0
2022-05-25,0.0
2022-05-26,0.9680949783662481
2022-05-27,0.0
2022-05-28,0.0
2022-05-29,0.0
2022-05-30,0.0
2022-05-31,0.0
2022-06-01,0.0
2022-06-02,0.0
2022-06-03,0.0
2022-06-04,0.0
2022-06-05,8.30004864008842
2022-06-06,7.381341628960864
2022-06-07,0.0
2022-06-08,0.0
2022-06-09,0.0
2022-06-10,0.0
2022-06-11,0.0
2022-06-12,0.0
2022-06-13,0.0
2022-06-14,0.0
2022-06-15,7.418837921267376
2022-06-16,0.0
2022-06-17,0.0
2022-06-18,0.0
2022-06-19,2.6473017050880547
2022-06-20,0.0
2022-06-21,0.0
2022-06-22,7.055349504705239
2022-06-23,0.0
2022-06-24,0.0
2022-06-25,0.0
2022-06-26,0.0
2022-06-27,0.0
2022-06-28,0.0
2022-06-29,0.0
2022-06-30,0.0
2022-07-01,0.0
2022-07-02,0.0
2022-07-03,0.0
2022-07-04,0.0
2022-07-05,0.0
2022-07-06,0.0
2022-07-07,0.0
2022-07-08,0.0
2022-07-09,0.0
2022-07-10,0.0
2022-07-11,0.0
2022-07-12,0.0
2022-07-13,0.0
2022-07-14,0.0
2022-07-15,0.0
2022-07-16,0.0
2022-07-17,0.0
2022-07-18,0.0
2022-07-19,0.0
2022-07-20,2.9439962399311557
2022-07-21,0.0
2022-07-22,0.0
2022-07-23,0.0
2022-07-24,0.0
2022-07-25,0.0
2022-07-26,0.0
2022-07-27,0.0
2022-07-28,0.0
2022-07-29,0.0
2022-07-30,0.0
2022-07-31,4.199651348179786
2022-08-01,0.0
2022-08-02,0.0
2022-08-03,0.0
2022-08-04,0.0
2022-08-05,0.0
2022-08-06,0.0
2022-08-07,0.0
2022-08-08,0.0
2022-08-09,0.0
2022-08-10,0.0
2022-08-11,0.0
2022-08-12,0.0
2022-08-13,0.0
2022-08-14,0.0
2022-08-15,0.0
2022-08-16,0.0
2022-08-17,0.0
2022-08-18,0.0
2022-08-19,2.5298203136096693
2022-08-20,0.0
2022-08-21,0.0
2022-08-22,0.0
2022-08-23,0.0
2022-08-24,0.0
2022-08-25,0.0
2022-08-26,0.0
2022-08-27,0.0
2022-08-28,0.0
2022-08-29,2.7521425802869994
2022-08-30,0.0
2022-08-31,0.0
2022-09-01,0.0
2022-09-02,0.0
2022-09-03,0.0
2022-09-04,0.0
2022-09-05,0.0
2022-09-06,0.0
2022-09-07,0.0
2022-09-08,0.0
2022-09-09,0.0
2022-09-10,0.0
2022-09-11,0.0
2022-09-12,0.0
2022-09-13,0.1838566352581156
2022-09-14,0.0
2022-09-15,0.0
2022-09-16,0.0
2022-09-17,0.0
2022-09-18,0.0
2022-09-19,0.0
2022-09-20,4.21800979104957
2022-09-21,12.668090305109134
2022-09-22,0.0
2022-09-23,0.0
2022-09-24,0.0
2022-09-25,0.0
2022-09-26,0.025796984820556684
2022-09-27,1.481162639448434
2022-09-28,1.0579210801213113
2022-09-29,2.5358252198584412
2022-09-30,0.005363257579212297
2022-10-01,0.0
2022-10-02,0.0
2022-10-03,0.0
2022-10-04,0.0
2022-10-05,0.0
2022-10-06,0.0
2022-10-07,0.0
2022-10-08,0.0
2022-10-09,0.0
2022-10-10,0.0
2022-10-11,0.0
2022-10-12,0.0
2022-10-13,0.0
2022-10-14,4.784695925910742
2022-10-15,0.0
2022-10-16,0.0
2022-10-17,0.0
2022-10-18,0.0
2022-10-19,0.0
2022-10-20,0.0
2022-10-21,0.0
2022-10-22,0.0
2022-10-23,0.3502615162168954
2022-10-24,21.351305539158993
2022-10-25,0.3677653766753503
2022-10-26,0.8677186915349582
2022-10-27,5.4753558623063485
2022-10-28,0.0
2022-10-29,0.0
2022-10-30,0.0
2022-10-31,14.098978100784263
2022-11-01,7.874020345858197
2022-11-02,0.0
2022-11-03,0.0
2022-11-04,19.196937152919887
2022-11-05,7.874020345858197
2022-11-06,0.0
2022-11-07,0.0
2022-11-08,5.000441053291005
2022-11-09,0.0
2022-11-10,0.0
2022-11-11,1.4165535662471462
2022-11-12,2.8156479440043194
2022-11-13,9.160452577521802
2022-11-14,0.0
2022-11-15,0.0
2022-11-16,5.441246985967554
2022-11-17,0.0
2022-11-18,5.830797490980856
2022-11-19,1.943599288701801
2022-11-20,0.0
2022-11-21,0.0
2022-11-22,6.23790383570812
2022-11-23,0.0
2022-11-24,3.4459265549556024
2022-11-25,5.1172383512468285
2022-11-26,0.0
2022-11-27,0.0
2022-11-28,0.0
2022-11-29,0.0
2022-11-30,0.0
2022-12-01,0.0
2022-12-02,0.0
2022-12-03,0.11656819034950805
2022-12-04,6.6946314083170195
2022-12-05,9.789816348348227
2022-12-06,9.861679521943488
2022-12-07,0.0
2022-12-08,3.847466313659776
2022-12-09,0.0
2022-12-10,5.750239391014916
2022-12-11,0.0
2022-12-12,0.0
2022-12-13,13.086406377224034
2022-12-14,0.0
2022-12-15,32.428348483921255
2022-12-16,5.553374223220043
2022-12-17,10.47006743571908
2022-12-18,0.0
2022-12-19,0.0
2022-12-20,0.2400217132163617
2022-12-21,0.0
2022-12-22,0.0
2022-12-23,0.0
2022-12-24,0.0
2022-12-25,2.478615135982119
2022-12-26,31.521774716971724
2022-12-27,0.0
2022-12-28,0.0
2022-12-29,10.18018967571984
2022-12-30,0.0
2022-12-31,21.89779705921177
2023-01-01,0.0
2023-01-02,0.0
2023-01-03,5.335733451219284
2023-01-04,5.7022320442132255
2023-01-05,11.404464088426451
2023-01-06,10.490932635771925
2023-01-07,0.0
2023-01-08,0.0
2023-01-09,8.769348884029373
2023-01-10,0.0
2023-01-11,0.0
2023-01-12,0.0
2023-01-13,0.0
2023-01-14,0.0
2023-01-15,0.0
2023-01-16,0.0
2023-01-17,0.0
2023-01-18,0.0
2023-01-19,0.0
2023-01-20,0.0
2023-01-21,0.0
2023-01-22,0.0
2023-01-23,0.0
2023-01-24,0.0
2023-01-25,0.0
2023-01-26,0.0
2023-01-27,0.0
2023-01-28,0.0
2023-01-29,13.821347899399008
2023-01-30,0.0
2023-01-31,10.439870857117349
2023-02-01,16.728481211776128
2023-02-02,34.08343320352435
2023-02-03,0.4377822808519494
2023-02-04,0.0
2023-02-05,0.0
2023-02-06,0.0
2023-02-07,0.0
2023-02-08,69.94392487435717
2023-02-09,107.76475983610415
2023-02-10,26.18606463498926
2023-02-11,0.0
2023-02-12,134.3342395313644
2023-02-13,0.0
2023-02-14,0.0
2023-02-15,0.0
2023-02-16,0.0
2023-02-17,0.0
2023-02-18,0.0
2023-02-19,0.0
2023-02-20,79.90629249795364
2023-02-21,0.0
2023-02-22,0.0
2023-02-23,0.0
2023-02-24,0.0
2023-02-25,0.0
2023-02-26,23.012003606868785
2023-02-27,0.8350257645867548
2023-02-28,0.0
2023-03-01,0.0
2023-03-02,0.0
2023-03-03,0.0
2023-03-04,0.0
2023-03-05,0.0
2023-03-06,0.0
2023-03-07,0.0
2023-03-08,0.0
2023-03-09,0.0
2023-03-10,0.0
2023-03-11,0.0
2023-03-12,0.0
2023-03-13,0.0
2023-03-14,0.0
2023-03-15,0.0
2023-03-16,0.0
2023-03-17,0.0
2023-03-18,13.801605401684181
2023-03-19,0.0
2023-03-20,0.0
2023-03-21,0.0
2023-03-22,0.0
2023-03-23,0.0
2023-03-24,0.0
2023-03-25,0.0
2023-03-26,0.0
2023-03-27,0.0
2023-03-28,0.0
2023-03-29,1.251639496847974
2023-03-30,64.09454778440227
2023-03-31,0.0
2023-04-01,0.0
2023-04-02,0.0
2023-04-03,0.28889507197574854
2023-04-04,0.0
2023-04-05,0.0
2023-04-06,0.0
2023-04-07,0.0
2023-04-08,0.0
2023-04-09,0.0
2023-04-10,1.9345559816672466
2023-04-11,0.0
2023-04-12,0.0
2023-04-13,0.0
2023-04-14,0.0
2023-04-15,0.0
2023-04-16,0.0
2023-04-17,0.0
2023-04-18,0.0
2023-04-19,0.0
2023-04-20,0.0
2023-04-21,0.0
2023-04-22,2.106609272809286
2023-04-23,0.0
2023-04-24,0.0
2023-04-25,0.0
2023-04-26,0.0
2023-04-27,0.0
2023-04-28,0.0
2023-04-29,4.47628508448917
2023-04-30,1.415115733361687
2023-05-01,0.0
2023-05-02,1.5696144426533019
2023-05-03,3.9680615181842813
2023-05-04,3.9680615181842813
2023-05-05,0.0
2023-05-06,0.4176551041404933
2023-05-07,0.15572022759313608
2023-05-08,19.3601058256721
2023-05-09,0.0
2023-05-10,0.0
2023-05-11,0.0
2023-05-12,0.0
2023-05-13,0.0
2023-05-14,0.0
2023-05-15,0.0
2023-05-16,0.0
2023-05-17,0.0
2023-05-18,0.20381876644468436
2023-05-19,0.0
2023-05-20,0.0
2023-05-21,0.0
2023-05-22,0.0
2023-05-23,0.0
2023-05-24,0.0
2023-05-25,0.0
2023-05-26,0.0
2023-05-27,0.0
2023-05-28,0.0
2023-05-29,0.0
2023-05-30,0.0
2023-05-31,0.0
2023-06-01,4.156794136124939
2023-06-02,0.0
2023-06-03,0.0
2023-06-04,0.0
2023-06-05,0.0
2023-06-06,0.0
2023-06-07,0.0
2023-06-08,0.0
2023-06-09,0.0
2023-06-10,0.0
2023-06-11,0.0
2023-06-12,0.0
2023-06-13,0.0
2023-06-14,0.0
2023-06-15,0.0
2023-06-16,0.0
2023-06-17,0.0
2023-06-18,0.0
2023-06-19,0.0
2023-06-20,1.4433554856783517
2023-06-21,0.0
2023-06-22,0.0
2023-06-23,0.0
2023-06-24,0.0
2023-06-25,0.0
2023-06-26,0.0
2023-06-27,0.0
2023-06-28,0.0
2023-06-29,2.8517287774596145
2023-06-30,0.0
2023-07-01,0.0
2023-07-02,0.0
2023-07-03,0.0
2023-07-04,0.0
2023-07-05,6.0251687856820935
2023-07-06,0.0
2023-07-07,0.0
2023-07-08,0.0
2023-07-09,0.0
2023-07-10,1.1390712052504643
2023-07-11,0.0
2023-07-12,5.022553510944154
2023-07-13,0.0
2023-07-14,0.0
2023-07-15,0.0
2023-07-16,0.0
2023-07-17,0.0
2023-07-18,0.0
2023-07-19,0.0
2023-07-20,4.060141668395592
2023-07-21,0.0
2023-07-22,0.0
2023-07-23,0.0
2023-07-24,0.0
2023-07-25,0.0
2023-07-26,0.0
2023-07-27,0.0
2023-07-28,0.0
2023-07-29,0.0
2023-07-30,0.0
2023-07-31,9.240383549562925
2023-08-01,0.0
2023-08-02,0.0
2023-08-03,0.0
2023-08-04,0.0
2023-08-05,0.0
2023-08-06,0.0
2023-08-07,0.0
2023-08-08,0.0
2023-08-09,0.0
2023-08-10,0.0
2023-08-11,0.0
2023-08-12,0.0
2023-08-13,0.0
2023-08-14,0.0
2023-08-15,0.0
2023-08-16,0.0
2023-08-17,0.0
2023-08-18,0.0
2023-08-19,0.0
2023-08-20,0.0
2023-08-21,0.0
2023-08-22,0.0
2023-08-23,0.0
2023-08-24,1.0660424953430339
2023-08-25,4.603783101133286
2023-08-26,0.0
2023-08-27,0.0
2023-08-28,0.0
2023-08-29,0.3318909909427957
2023-08-30,0.0
2023-08-31,0.0
2023-09-01,0.0
2023-09-02,0.0
2023-09-03,0.0
2023-09-04,0.0
2023-09-05,2.756326808642751
2023-09-06,6.605197708339001
2023-09-07,0.0
2023-09-08,0.0
2023-09-09,0.0
2023-09-10,0.0
2023-09-11,3.9850941163896993
2023-09-12,0.0
2023-09-13,0.0
2023-09-14,0.0
2023-09-15,0.0
2023-09-16,0.0
2023-09-17,8.969279343211262
2023-09-18,0.0
2023-09-19,0.0
2023-09-20,19.44908664544845
2023-09-21,0.0
2023-09-22,0.0
2023-09-23,3.870483423312295
2023-09-24,6.95458258283971
2023-09-25,0.0
2023-09-26,0.0
2023-09-27,6.7318925140812595
2023-09-28,0.0
2023-09-29,0.0
2023-09-30,0.0
2023-10-01,0.0
2023-10-02,0.0
2023-10-03,0.0
2023-10-04,0.0
2023-10-05,0.0
2023-10-06,0.0
2023-10-07,0.0
2023-10-08,0.0
2023-10-09,0.0
2023-10-10,0.0
2023-10-11,0.0
2023-10-12,14.382686188324271
2023-10-13,0.0
2023-10-14,0.0
2023-10-15,0.0
2023-10-16,0.0
2023-10-17,0.0
2023-10-18,0.0
2023-10-19,0.0
2023-10-20,0.0
2023-10-21,0.0
2023-10-22,0.0
2023-10-23,0.0
2023-10-24,0.0
2023-10-25,0.0
2023-10-26,0.0
2023-10-27,0.0
2023-10-28,14.144903898028335
2023-10-29,21.04305742231752
2023-10-30,9.559302850279739
2023-10-31,36.27638530478238
2023-11-01,0.0
2023-11-02,0.0
2023-11-03,0.0
2023-11-04,0.0
2023-11-05,0.0
2023-11-06,0.0
2023-11-07,12.240829631356831
2023-11-08,0.0
2023-11-09,0.0
2023-11-10,0.0
2023-11-11,0.0
2023-11-12,8.429568101409053
2023-11-13,12.217556107687173
2023-11-14,0.0
2023-11-15,0.0
2023-11-16,0.0
2023-11-17,3.989331669558686
2023-11-18,6.911986947165033
2023-11-19,3.989331669558686
2023-11-20,3.989331669558686
2023-11-21,6.190606847471311
2023-11-22,0.0
2023-11-23,0.0
2023-11-24,0.0
2023-11-25,0.0
2023-11-26,0.0
2023-11-27,0.0
2023-11-28,2.2762730241770455
2023-11-29,8.865743564147008
2023-11-30,0.0
2023-12-01,0.0
2023-12-02,0.0
2023-12-03,0.0
2023-12-04,5.5618625593649185
2023-12-05,5.5618625593649185
2023-12-06,0.0
2023-12-07,13.864628657738159
2023-12-08,0.0
2023-12-09,26.283499109755567
2023-12-10,18.89454065182903
2023-12-11,0.0
2023-12-12,0.0
2023-12-13,0.0
2023-12-14,0.0
2023-12-15,0.0
2023-12-16,0.0
2023-12-17,0.0
2023-12-18,4.800425222550316
2023-12-19,0.0
2023-12-20,0.0
2023-12-21,8.390507705648005
2023-12-22,0.0
2023-12-23,11.986569847289068
2023-12-24,23.973139694578137
2023-12-25,32.05391835281008
2023-12-26,0.0
2023-12-27,44.53460309865937
2023-12-28,0.0
2023-12-29,0.0
2023-12-30,0.0
2023-12-31,0.0
2024-01-01,0.0
2024-01-02,0.0
2024-01-03,4.154906842057206
2024-01-04,0.0
2024-01-05,0.0
2024-01-06,0.0
2024-01-07,0.0
2024-01-08,0.0
2024-01-09,0.0
2024-01-10,15.359956504390052
2024-01-11,0.0
2024-01-12,0.0
2024-01-13,16.301396443293648
2024-01-14,5.592912562646033
2024-01-15,5.204278480469075
2024-01-16,12.226391105921687
2024-01-17,0.0
2024-01-18,0.0
2024-01-19,0.0
2024-01-20,0.0
2024-01-21,0.0
2024-01-22,0.0
2024-01-23,0.0
2024-01-24,0.0
2024-01-25,0.0
2024-01-26,24.413225656268246
2024-01-27,19.019774598847654
2024-01-28,0.0
2024-01-29,0.0
2024-01-30,0.0
2024-01-31,0.0
2024-02-01,0.0
2024-02-02,0.0
2024-02-03,7.833375580009372
2024-02-04,16.655438865000544
2024-02-05,8.017102556034699
2024-02-06,0.0
2024-02-07,0.0
2024-02-08,12.637608713644148
2024-02-09,0.0
2024-02-10,3.1163885899079156
2024-02-11,0.0
2024-02-12,0.0
2024-02-13,0.0
2024-02-14,0.0
2024-02-15,0.0
2024-02-16,0.0
2024-02-17,17.753136714931934
2024-02-18,7.030166106135523
2024-02-19,0.0
2024-02-20,0.0
2024-02-21,0.0
2024-02-22,11.96750670044323
2024-02-23,0.0
2024-02-24,0.0
2024-02-25,11.862858872620224
2024-02-26,0.0
2024-02-27,0.0
2024-02-28,0.0
2024-02-29,0.0
2024-03-01,0.0
2024-03-02,0.0
2024-03-03,0.0
2024-03-04,0.0
2024-03-05,0.0
2024-03-06,0.0
2024-03-07,0.0
2024-03-08,0.0
2024-03-09,0.0
2024-03-10,0.0
2024-03-11,0.0
2024-03-12,101.64013327169378
2024-03-13,39.52398505577675
2024-03-14,26.617211435454596
2024-03-15,0.0
2024-03-16,0.0
2024-03-17,0.0
2024-03-18,0.0
2024-03-19,0.0
2024-03-20,0.0
2024-03-21,67.68557197577546
2024-03-22,29.809478110491337
2024-03-23,0.0
2024-03-24,56.60216711433877
2024-03-25,0.0
2024-03-26,0.0
2024-03-27,0.0
2024-03-28,8.239487861343237
2024-03-29,0.0
2024-03-30,0.0
2024-03-31,0.0
2024-04-01,0.0
2024-04-02,0.0
2024-04-03,0.0
2024-04-04,0.0
2024-04-05,3.8687393304840016
2024-04-06,0.0
2024-04-07,0.7877498419278497
2024-04-08,0.5800694318918083
2024-04-09,47.05448627218961
2024-04-10,0.0
2024-04-11,0.6697381533794337
2024-04-12,0.3785648585736067
2024-04-13,0.004888872257792034
2024-04-14,1.5858178956649878
2024-04-15,2.110514055828834
2024-04-16,0.5872549820958145
2024-04-17,0.0
2024-04-18,0.0
2024-04-19,0.0
2024-04-20,0.0
2024-04-21,0.0
2024-04-22,0.0
2024-04-23,0.0
2024-04-24,0.0
2024-04-25,0.883074790792693
2024-04-26,0.9113757945498359
2024-04-27,0.0
2024-04-28,0.0
2024-04-29,0.0
2024-04-30,0.0
2024-05-01,0.0
2024-05-02,0.0
2024-05-03,0.0
2024-05-04,0.0
2024-05-05,0.0
2024-05-06,0.0
2024-05-07,0.0
2024-05-08,1.3091811887149154
2024-05-09,0.0
2024-05-10,0.0
2024-05-11,0.0
2024-05-12,0.0
2024-05-13,0.0
2024-05-14,0.0
2024-05-15,0.0
2024-05-16,0.0
2024-05-17,8.223008970871744e-07
2024-05-18,1.0595283733860357
2024-05-19,0.06238814438738516
2024-05-20,0.06052004747507743
2024-05-21,0.0
2024-05-22,0.0
2024-05-23,0.0
2024-05-24,0.0
2024-05-25,0.0
2024-05-26,0.0
2024-05-27,0.0
2024-05-28,0.0
2024-05-29,1.7476351975762248
2024-05-30,0.0
2024-05-31,0.0
2024-06-01,0.0
2024-06-02,0.0
2024-06-03,0.42382023758217896
2024-06-04,0.0
2024-06-05,0.0
2024-06-06,4.844868007747607
2024-06-07,0.17841504549790443
2024-06-08,0.4670140391214035
2024-06-09,0.0
2024-06-10,0.0
2024-06-11,0.0
2024-06-12,0.0
2024-06-13,0.46300274623800025
2024-06-14,0.0
2024-06-15,0.0
2024-06-16,0.0
2024-06-17,0.0
2024-06-18,0.0
2024-06-19,0.0
2024-06-20,4.586660095488046
2024-06-21,0.0
2024-06-22,0.0
2024-06-23,0.0
2024-06-24,0.0
2024-06-25,0.0
2024-06-26,0.0
2024-06-27,0.0
2024-06-28,0.0
2024-06-29,0.0
2024-06-30,0.0
2024-07-01,0.0
2024-07-02,0.0
2024-07-03,0.0
2024-07-04,0.0
2024-07-05,0.0
2024-07-06,0.19983403689032841
2024-07-07,0.0
2024-07-08,0.0
2024-07-09,0.0
2024-07-10,0.0
2024-07-11,0.0
2024-07-12,0.0
2024-07-13,0.0
2024-07-14,0.0
2024-07-15,1.1037954594791728
2024-07-16,0.0
2024-07-17,0.0
2024-07-18,0.0
2024-07-19,0.0
2024-07-20,0.0
2024-07-21,0.0
2024-07-22,0.0
2024-07-23,0.0
2024-07-24,0.0
2024-07-25,0.0
2024-07-26,0.0
2024-07-27,0.0
2024-07-28,0.0
2024-07-29,0.0
2024-07-30,0.0
2024-07-31,0.6014782326291032
2024-08-01,0.0
2024-08-02,0.0
2024-08-03,0.0
2024-08-04,0.0
2024-08-05,0.0
2024-08-06,0.0
2024-08-07,0.0
2024-08-08,0.0
2024-08-09,0.0
2024-08-10,0.0
2024-08-11,0.0
2024-08-12,0.0
2024-08-13,0.0
2024-08-14,0.0
2024-08-15,0.0
2024-08-16,0.0
2024-08-17,0.0
2024-08-18,0.0
2024-08-19,0.0
2024-08-20,0.0
2024-08-21,0.0
2024-08-22,1.8301761856551308
2024-08-23,0.8941894432910243
2024-08-24,5.272216137636957e-05
2024-08-25,0.0
2024-08-26,2.539972605732319e-06
2024-08-27,1.4067235047829972e-06
2024-08-28,0.871579571860117
2024-08-29,2.2200240687286827
2024-08-30,3.002900157113923
2024-08-31,0.5900295812086551
2024-09-01,0.0
2024-09-02,0.0
2024-09-03,0.0
2024-09-04,0.0
2024-09-05,0.0
2024-09-06,0.0
2024-09-07,0.0
2024-09-08,0.0
2024-09-09,0.0
2024-09-10,0.0
2024-09-11,2.6255450170721026
2024-09-12,0.016823287839177015
2024-09-13,0.0
2024-09-14,1.0098404609767029
2024-09-15,3.2180612108330093
2024-09-16,0.0
2024-09-17,0.0
2024-09-18,0.0
2024-09-19,0.0
2024-09-20,0.0
2024-09-21,0.0
2024-09-22,0.0
2024-09-23,0.0
2024-09-24,0.0
2024-09-25,0.0
2024-09-26,0.0
2024-09-27,0.0
2024-09-28,6.0939530592698326
2024-09-29,12.540347263730808
2024-09-30,6.034645181752011
2024-10-01,0.3393556922542427
2024-10-02,0.7400631761255779
2024-10-03,1.867861791377991
2024-10-04,0.012958537969593318
2024-10-05,0.0
2024-10-06,0.0
2024-10-07,0.0
2024-10-08,0.0
2024-10-09,0.0
2024-10-10,0.0
2024-10-11,0.0
2024-10-12,0.0
2024-10-13,0.0
2024-10-14,0.0
2024-10-15,0.0
2024-10-16,0.0
2024-10-17,0.0
2024-10-18,0.0
2024-10-19,0.0
2024-10-20,9.158577953578096
2024-10-21,4.202727615885984
2024-10-22,11.600149008787179
2024-10-23,0.0
2024-10-24,0.0
2024-10-25,0.0
2024-10-26,14.641932683113296
2024-10-27,9.761288698535386
2024-10-28,14.641932683113296
2024-10-29,0.0
2024-10-30,0.0
2024-10-31,0.0
2024-11-01,0.0
2024-11-02,0.9835348489746176
2024-11-03,0.0
2024-11-04,0.0
2024-11-05,1.2857920569091852
2024-11-06,6.097741233259044
2024-11-07,3.468441751338443
2024-11-08,0.7790938163625786
2024-11-09,3.800760559441241
2024-11-10,7.457373175970968
2024-11-11,23.80172068244267
2024-11-12,0.0
2024-11-13,0.0
2024-11-14,0.0
2024-11-15,0.0
2024-11-16,0.7679522258849615
2024-11-17,0.0
2024-11-18,0.0
2024-11-19,0.0
2024-11-20,0.0
2024-11-21,0.0
2024-11-22,6.544177345845892
2024-11-23,0.2078648460954823
2024-11-24,0.0
2024-11-25,0.0
2024-11-26,0.0
2024-11-27,18.60296296946883
2024-11-28,0.0
2024-11-29,0.0
2024-11-30,0.0
2024-12-01,3.0692840417226157
2024-12-02,1.772808608494429
2024-12-03,0.0
2024-12-04,0.0
2024-12-05,5.561260858749945
2024-12-06,10.25626001560404
2024-12-07,0.0
2024-12-08,5.380890100851828
2024-12-09,5.380890100851828
2024-12-10,5.380890100851828
2024-12-11,5.8849086837363815
2024-12-12,8.680206043334474
2024-12-13,2.4519268429247707
2024-12-14,0.0
2024-12-15,0.0
2024-12-16,0.0
2024-12-17,24.30762320214094
2024-12-18,0.4822165428485416
2024-12-19,0.0
2024-12-20,0.0
2024-12-21,0.13573523098973445
2024-12-22,10.995940595469994
2024-12-23,11.580781865815586
2024-12-24,0.0
2024-12-25,0.0
2024-12-26,0.0
2024-12-27,3.559858879929197
2024-12-28,9.328851398801932
2024-12-29,0.0
2024-12-30,0.0
2024-12-31,5.768992518872736
2025-01-01,6.900038029007108
2025-01-02,9.978715292022466
2025-01-03,0.2410663483313604
2025-01-04,0.0
2025-01-05,7.293938546134349
2025-01-06,25.305133873545735
2025-01-07,14.974440943973454
2025-01-08,20.430587124339677
2025-01-09,0.0
2025-01-10,2.6540473921967234
2025-01-11,0.7175361521996619
2025-01-12,16.698914000884713
2025-01-13,5.777191566851791
2025-01-14,0.0
2025-01-15,11.329680361018363
2025-01-16,0.0
2025-01-17,0.0
2025-01-18,0.0
2025-01-19,0.0
2025-01-20,0.0
2025-01-21,2.3460892151141994
2025-01-22,0.2254335274615191
2025-01-23,0.007309590551135921
2025-01-24,0.0002705317944169677
2025-01-25,0.003062158348705788
2025-01-26,0.0
2025-01-27,0.0
2025-01-28,0.0
2025-01-29,0.0
2025-01-30,9.626772498578545
2025-01-31,12.066210306607761
2025-02-01,25.53882076421952
2025-02-02,0.0
2025-02-03,0.0
2025-02-04,76.34883427641016
2025-02-05,0.0
2025-02-06,6.229406827324582
2025-02-07,2.945600679972655
2025-02-08,0.0
2025-02-09,13.338509105982558
2025-02-10,4.765320376312702
2025-02-11,0.0
2025-02-12,0.0
2025-02-13,8.810974498853339
2025-02-14,0.37110470334161816
2025-02-15,0.0
2025-02-16,0.0
2025-02-17,0.0
2025-02-18,0.0
2025-02-19,50.651667246662555
2025-02-20,0.0
2025-02-21,0.0
2025-02-22,0.0
2025-02-23,0.0
2025-02-24,0.0
2025-02-25,0.0
2025-02-26,1.7177707378470088
2025-02-27,0.0034478903885199557
2025-02-28,0.0
2025-03-01,0.0
2025-03-02,0.0
2025-03-03,0.0
2025-03-04,0.0
2025-03-05,0.0
2025-03-06,0.0
2025-03-07,0.0
2025-03-08,0.0
2025-03-09,0.0
2025-03-10,0.0
2025-03-11,0.0
2025-03-12,0.0
2025-03-13,0.0
2025-03-14,0.0
2025-03-15,0.0
2025-03-16,0.0
2025-03-17,0.0
2025-03-18,0.0
2025-03-19,0.0
2025-03-20,0.0
2025-03-21,0.0
2025-03-22,0.0
2025-03-23,0.0
2025-03-24,0.0
2025-03-25,9.392458583062778
2025-03-26,0.0
2025-03-27,0.0
2025-03-28,0.0
2025-03-29,0.0
2025-03-30,67.79839241304407
2025-03-31,0.48328724801276873
2025-04-01,0.0
2025-04-02,2.9516238314614274
2025-04-03,0.0
2025-04-04,0.0
2025-04-05,10.414605370040071
2025-04-06,0.0
2025-04-07,10.79119057490908
2025-04-08,20.773608109046677
2025-04-09,0.0
2025-04-10,0.0
2025-04-11,0.0
2025-04-12,0.0
2025-04-13,0.0
2025-04-14,0.0
2025-04-15,0.0
2025-04-16,7.042370742659565
2025-04-17,0.0
2025-04-18,0.0
2025-04-19,0.0
2025-04-20,0.0
2025-04-21,0.0
2025-04-22,0.0
2025-04-23,0.0
2025-04-24,17.491480586172518
2025-04-25,2.919098206477077
2025-04-26,0.0
2025-04-27,0.0
2025-04-28,0.0
2025-04-29,0.0
2025-04-30,0.0
2025-05-01,0.0
2025-05-02,4.854868982030058
2025-05-03,0.0
2025-05-04,0.0
2025-05-05,0.0
2025-05-06,0.0
2025-05-07,1.4303718379490364
2025-05-08,0.0
2025-05-09,0.0
2025-05-10,0.0
2025-05-11,0.0
2025-05-12,0.0
2025-05-13,0.0
2025-05-14,0.0
2025-05-15,0.0
2025-05-16,0.0
2025-05-17,0.0
2025-05-18,2.235181499644785
2025-05-19,0.0
2025-05-20,0.021275769151701113
2025-05-21,0.0
2025-05-22,0.0
2025-05-23,0.0
2025-05-24,0.0
2025-05-25,0.0
2025-05-26,0.0
2025-05-27,0.0
2025-05-28,0.0
2025-05-29,0.0
2025-05-30,0.0
2025-05-31,0.0
2025-06-01,0.0
2025-06-02,0.0
2025-06-03,0.0
2025-06-04,0.0
2025-06-05,0.0
2025-06-06,0.0
2025-06-07,0.0
2025-06-08,0.0
2025-06-09,1.2630632969260114
2025-06-10,0.0
2025-06-11,0.2844538042547427
2025-06-12,0.2844538042547427
2025-06-13,0.2844538042547427
2025-06-14,0.2844538042547427
2025-06-15,0.2844538042547427
2025-06-16,0.0612335011139051
2025-06-17,0.0
2025-06-18,0.0
2025-06-19,0.0
2025-06-20,0.0
2025-06-21,0.0
2025-06-22,0.0
2025-06-23,0.0
2025-06-24,0.6154819255798503
2025-06-25,0.0
2025-06-26,0.0
2025-06-27,0.7468228603653103
2025-06-28,0.0
2025-06-29,0.0
2025-06-30,0.0
2025-07-01,0.0
2025-07-02,0.0
2025-07-03,0.0
2025-07-04,0.0
2025-07-05,0.0
2025-07-06,0.0
2025-07-07,0.4022978250164569
2025-07-08,0.0
2025-07-09,0.0
2025-07-10,0.0
2025-07-11,0.0
2025-07-12,0.0
2025-07-13,0.0
2025-07-14,0.0
2025-07-15,0.0
2025-07-16,0.0
2025-07-17,0.0
2025-07-18,0.0
2025-07-19,3.918550543823041
2025-07-20,0.0
2025-07-21,0.0
2025-07-22,0.0
2025-07-23,0.0
2025-07-24,0.0
2025-07-25,0.0
2025-07-26,4.6099092751662365
2025-07-27,0.0
2025-07-28,0.0
2025-07-29,0.0
2025-07-30,0.0
2025-07-31,0.0
2025-08-01,3.279349987112665
2025-08-02,0.0
2025-08-03,0.0
2025-08-04,0.0
2025-08-05,0.0
2025-08-06,0.0
2025-08-07,0.0
2025-08-08,0.0
2025-08-09,0.0
2025-08-10,0.0
2025-08-11,0.0
2025-08-12,0.0
2025-08-13,0.0
2025-08-14,0.0
2025-08-15,0.0
2025-08-16,0.0
2025-08-17,0.0
2025-08-18,0.30349004679712765
2025-08-19,0.0
2025-08-20,0.0
2025-08-21,0.0
2025-08-22,0.0
2025-08-23,0.0
2025-08-24,0.0
2025-08-25,0.0
2025-08-26,4.6617605197123995
2025-08-27,0.0
2025-08-28,0.0
2025-08-29,0.0
2025-08-30,0.0
2025-08-31,0.0
2025-09-01,0.0
2025-09-02,0.0
2025-09-03,0.0
2025-09-04,0.0
2025-09-05,0.0
2025-09-06,0.0
2025-09-07,1.1268496169757254
2025-09-08,0.0
2025-09-09,0.0
2025-09-10,0.0
2025-09-11,0.0
2025-09-12,0.0
2025-09-13,0.0
2025-09-14,21.42378431669281
2025-09-15,0.0
2025-09-16,0.0
2025-09-17,0.0
2025-09-18,0.0
2025-09-19,0.0
2025-09-20,0.0
2025-09-21,0.0
2025-09-22,0.0
2025-09-23,0.0
2025-09-24,0.0
2025-09-25,0.0
2025-09-26,0.0
2025-09-27,0.0
2025-09-28,2.4016042856069713
2025-09-29,22.794696816293463
2025-09-30,0.0
2025-10-01,0.0
2025-10-02,0.0
2025-10-03,0.0
2025-10-04,0.0
2025-10-05,0.0
2025-10-06,0.0012351942948987142
2025-10-07,5.778478444940111
2025-10-08,0.0
2025-10-09,0.0012315824498388686
2025-10-10,1.4040529147197289e-05
2025-10-11,2.500839666388501
2025-10-12,5.3835721399592265
2025-10-13,0.0
2025-10-14,0.0
2025-10-15,0.0
2025-10-16,0.0
2025-10-17,0.0
2025-10-18,3.4217746601391434
2025-10-19,0.14158371504590536
2025-10-20,0.0
2025-10-21,0.0
2025-10-22,0.0
2025-10-23,0.0
2025-10-24,0.0
2025-10-25,0.0
2025-10-26,0.0
2025-10-27,9.12660843666205
2025-10-28,0.0
2025-10-29,1.9665900920999464
2025-10-30,3.5932486510508683
2025-10-31,0.0
2025-11-01,10.692140402992042
2025-11-02,8.098833102235533
2025-11-03,0.0
2025-11-04,11.03323794170147
2025-11-05,0.0
2025-11-06,0.0
2025-11-07,0.0
2025-11-08,0.0
2025-11-09,0.0
2025-11-10,0.0
2025-11-11,0.0
2025-11-12,0.0
2025-11-13,0.0
2025-11-14,0.0
2025-11-15,18.653592702459175
2025-11-16,31.32752915002097
2025-11-17,0.0
2025-11-18,0.0
2025-11-19,0.0
2025-11-20,16.203632127911934
2025-11-21,0.0010035209237617647
2025-11-22,0.0013298844977485383
2025-11-23,2.250833598625123
2025-11-24,31.078815362392334
2025-11-25,0.162180728357282
2025-11-26,0.00038770162951022927
2025-11-27,0.0
2025-11-28,77.518598028667
2025-11-29,12.910546395548883
2025-11-30,0.0
2025-12-01,7.300590817007104
2025-12-02,21.901772596054013
2025-12-03,0.0
2025-12-04,0.0
2025-12-05,0.0
2025-12-06,8.004871741530117
2025-12-07,4.838406382779123
2025-12-08,0.06043004188571326
2025-12-09,2.7134582857238208
2025-12-10,4.127123667643621
2025-12-11,0.0
2025-12-12,0.0
2025-12-13,14.821870152872291
2025-12-14,11.208178383602073
2025-12-15,0.0
2025-12-16,0.0
2025-12-17,14.725058491518814
2025-12-18,4.651590386710264
2025-12-19,0.0
2025-12-20,2.15596516906003
2025-12-21,0.0
2025-12-22,0.22279594684469292
2025-12-23,0.0
2025-12-24,18.30550533938893
2025-12-25,0.0
2025-12-26,9.589214748244283
2025-12-27,14.514581027650708
2025-12-28,3.3516097334398833
2025-12-29,0.0
2025-12-30,0.0
